type,atom1_id,atom2_id,bond_id
1,14,18,0
2,14,19,1
1,14,20,2
1,15,21,3
1,16,22,4
1,17,22,5
7,17,25,6
1,17,26,7
1,18,27,8
1,18,28,9
1,19,29,10
1,19,30,11
1,20,31,12
1,20,32,13
1,21,33,23
1,21,34,24
1,22,34,40
1,27,35,41
1,27,35,42
1,30,36,43
1,30,36,44
1,33,36,45
7,33,37,46
1,34,38,47
1,35,39,49
1,50,51,77
1,50,55,78
1,50,58,79
1,51,61,80
1,51,62,81
1,52,63,82
2,53,64,83
2,54,65,84
1,54,66,85
1,54,67,86
1,56,68,87
1,56,68,88
1,56,69,89
1,57,70,90
1,57,70,91
1,57,71,92
1,58,71,93
1,58,72,94
2,59,73,95
2,59,74,96
1,59,75,97
1,60,75,98
1,60,109,99
1,60,109,100
1,68,109,101
1,70,110,102
1,71,110,103
1,72,111,104
1,72,111,105
1,75,112,106
1,110,112,107
1,111,112,108
1,129,132,114
1,129,133,115
1,129,134,116
1,130,135,117
1,131,141,118
1,131,141,119
2,131,142,120
1,132,143,121
1,132,144,122
1,133,145,123
1,133,146,124
1,134,147,125
1,134,148,126
1,135,149,127
1,135,150,128
1,141,151,136
1,145,152,137
1,145,153,138
1,147,154,139
1,147,154,140
1,148,155,160
1,148,156,161
1,153,156,162
1,153,156,163
1,154,157,164
1,155,158,165
1,155,159,166
1,197,199,167
1,197,200,168
1,197,201,169
1,198,202,170
1,198,203,171
1,198,204,172
1,199,205,173
1,199,206,174
1,200,207,175
1,200,208,177
2,201,209,178
1,201,210,179
1,204,211,180
1,204,212,181
1,205,212,182
1,205,213,183
1,206,214,184
1,206,215,185
1,208,216,186
2,208,217,187
1,210,218,188
1,210,219,189
1,211,219,190
1,211,220,191
1,212,220,192
1,214,221,193
1,215,221,194
1,215,222,195
1,219,222,196
2,220,223,226
1,221,224,227
1,222,225,228
1,230,232,254
1,230,233,255
1,230,234,256
1,231,235,257
1,231,236,258
1,231,236,259
1,232,237,260
1,232,238,261
1,233,239,262
1,233,240,263
1,234,241,264
1,234,242,265
1,235,243,266
1,235,244,267
1,236,245,268
1,239,246,269
1,240,247,270
1,241,247,271
1,241,248,272
1,242,248,273
1,242,249,274
1,247,250,275
1,248,250,276
2,249,251,277
1,249,252,278
1,250,253,279
1,280,291,282
1,281,311,285
2,283,311,287
1,284,311,288
1,286,312,289
1,286,316,290
1,286,319,293
1,291,320,294
1,291,321,295
1,292,321,296
1,292,322,297
1,292,323,298
1,292,323,299
1,307,324,300
1,313,324,301
1,314,324,302
1,315,325,303
1,316,325,304
1,316,326,305
1,317,327,306
1,318,327,308
1,321,327,309
1,322,330,310
1,322,330,328
1,323,333,329
1,325,333,331
1,326,333,332
1,326,335,334
1,327,335,337
1,330,335,338
1,339,341,368
1,339,342,369
1,339,343,370
1,340,344,371
1,340,345,372
1,340,346,373
1,341,348,374
1,341,348,375
1,342,349,376
1,342,350,377
1,343,351,378
1,343,352,379
1,347,353,380
1,347,353,381
2,347,354,382
1,348,355,383
1,349,356,384
1,349,357,385
1,350,358,386
1,350,359,387
1,351,360,388
1,351,360,389
1,352,361,390
1,352,361,391
1,353,362,392
1,357,362,393
1,357,363,394
1,360,363,395
2,361,364,396
1,362,365,397
2,363,366,398
2,418,422,400
1,418,423,401
1,418,424,402
1,419,425,403
2,419,426,404
2,419,427,405
1,420,428,406
1,420,428,407
1,420,429,408
1,421,430,409
1,421,430,410
1,421,431,411
1,428,431,412
1,429,432,413
1,429,432,414
2,430,433,415
7,431,434,416
2,432,435,417
1,465,468,436
1,465,469,437
1,465,470,438
1,466,471,439
1,467,472,440
1,467,473,441
1,467,474,442
1,468,474,443
1,468,475,444
1,469,476,445
1,469,477,446
1,470,478,447
1,470,479,448
1,471,480,449
1,471,481,450
1,472,482,451
2,472,483,452
1,473,484,453
1,473,484,454
1,474,485,455
1,476,485,456
1,476,486,457
1,481,487,458
1,481,487,459
1,484,487,460
2,485,488,461
1,486,489,462
1,486,490,463
2,492,494,520
2,492,495,521
1,492,496,522
1,493,497,523
1,493,498,524
1,493,499,525
2,494,500,526
1,494,501,527
1,495,502,528
1,495,503,529
1,496,504,530
7,496,505,531
1,499,506,532
1,499,507,533
1,500,507,534
2,500,508,535
1,501,509,536
1,501,510,537
1,503,511,538
2,503,512,539
1,505,513,540
7,505,513,541
2,506,514,542
2,506,514,543
1,507,515,544
1,510,515,545
1,510,516,546
2,513,516,547
1,514,517,548
2,515,518,549
1,516,519,550
1,581,583,551
1,581,584,552
1,581,585,553
1,582,586,554
1,582,587,555
1,582,588,556
1,583,589,557
1,583,590,558
1,584,591,559
1,584,592,561
2,585,593,562
1,585,594,563
1,588,595,564
1,588,596,565
1,589,596,566
1,589,597,567
1,590,598,568
1,590,599,569
1,592,600,570
1,592,601,571
2,594,602,572
1,594,603,573
1,595,603,574
1,595,604,575
1,596,604,576
1,598,605,577
1,599,605,578
1,599,606,579
1,603,606,580
1,604,607,610
2,605,608,611
2,606,609,612
7,613,618,625
2,614,619,626
1,615,620,627
2,616,621,628
7,617,623,629
2,617,624,630
1,617,642,631
1,618,642,632
1,618,642,633
2,619,643,634
1,619,644,635
1,620,644,636
1,620,644,637
1,621,645,638
1,621,645,639
1,622,645,640
1,646,647,673
1,646,651,674
1,646,654,675
1,647,657,676
1,647,658,677
1,648,659,678
1,649,660,679
1,650,661,680
1,650,662,681
1,650,663,682
1,652,664,683
1,652,664,684
1,652,665,685
1,653,666,686
1,653,666,687
2,653,667,688
1,654,667,689
1,654,668,690
1,655,669,691
1,655,670,692
1,655,671,693
1,656,671,694
1,656,705,695
1,656,705,696
1,664,705,697
1,666,706,698
1,667,706,699
1,668,707,700
1,668,707,701
1,671,708,702
1,706,708,703
1,707,708,704
2,726,729,710
1,726,730,711
2,726,732,712
1,727,733,713
1,728,734,714
1,728,735,715
1,728,736,716
1,731,736,717
1,731,737,718
1,731,737,719
1,734,738,720
1,734,738,721
1,735,738,722
7,735,739,723
2,736,740,724
2,737,741,725
1,742,751,757
1,743,752,758
1,744,753,759
1,745,753,760
1,746,754,761
1,747,754,762
1,748,755,763
1,749,755,764
1,750,756,765
1,750,780,766
1,750,785,767
1,751,785,768
1,751,789,769
1,752,789,770
1,752,789,771
1,753,790,772
1,754,790,773
1,755,791,774
1,756,791,775
1,756,792,776
1,780,792,777
1,780,793,778
1,781,793,779
1,783,794,782
1,785,794,784
1,787,795,786
1,790,795,788
1,791,795,798
1,792,797,799
1,793,797,800
1,794,797,801
1,829,832,802
2,829,833,803
1,829,834,804
1,830,835,805
1,831,836,806
1,831,836,807
2,831,837,808
2,832,838,809
1,832,839,810
2,833,840,811
1,833,841,812
1,834,842,813
2,834,844,814
1,835,845,815
2,835,846,816
1,836,847,817
2,840,848,818
2,840,849,819
2,842,849,820
2,842,850,821
1,843,850,822
1,843,851,823
1,843,851,824
2,848,851,825
2,848,852,826
1,849,853,827
1,850,854,828
1,886,888,856
1,886,889,857
1,886,890,858
1,887,891,859
1,887,892,860
1,887,893,861
1,888,894,862
1,888,895,863
1,889,896,864
1,889,897,866
1,890,898,867
1,890,899,868
1,893,900,869
1,893,901,870
1,894,901,871
1,894,902,872
1,895,903,873
1,895,904,874
1,897,905,875
1,897,906,876
2,899,907,877
1,899,908,878
1,900,908,879
1,900,909,880
1,901,909,881
1,903,910,882
1,904,910,883
1,904,911,884
1,908,911,885
1,909,912,915
1,910,913,916
1,911,914,917
1,940,942,918
1,940,943,919
1,940,945,920
1,941,946,921
1,941,947,922
1,941,949,923
1,942,950,924
1,942,951,925
1,943,952,926
1,943,953,927
1,944,954,928
1,944,955,929
1,944,956,930
1,944,960,931
1,945,961,932
1,945,962,933
1,948,962,934
1,948,963,935
1,948,963,936
1,951,964,937
1,951,964,938
1,952,965,939
1,952,965,970
1,957,965,971
1,958,966,972
1,959,966,973
1,962,967,974
1,963,967,975
1,964,968,976
1,966,968,977
1,967,968,978
1,979,982,994
2,980,983,995
1,980,984,996
2,980,987,997
1,981,988,998
1,981,989,999
1,985,992,1000
1,986,1026,1001
1,986,1026,1002
1,986,1027,1003
1,987,1028,1004
1,987,1028,1005
2,988,1029,1006
2,988,1029,1007
1,989,1030,1008
1,989,1030,1009
1,990,1031,1010
1,991,1032,1011
1,1026,1033,1012
1,1027,1033,1013
1,1027,1034,1014
1,1028,1034,1015
1,1029,1035,1016
1,1030,1036,1017
1,1032,1037,1018
1,1032,1037,1019
2,1033,1037,1020
1,1034,1038,1021
1,1035,1038,1022
1,1035,1038,1023
1,1036,1039,1024
1,1036,1040,1025
2,1041,1050,1057
1,1042,1051,1058
2,1043,1052,1059
1,1044,1054,1060
1,1045,1054,1061
1,1046,1055,1062
1,1047,1087,1063
1,1048,1088,1064
1,1049,1088,1065
1,1049,1089,1066
2,1049,1089,1067
2,1050,1090,1068
1,1050,1090,1069
1,1051,1090,1070
1,1051,1091,1071
1,1052,1091,1072
1,1052,1091,1073
1,1053,1091,1074
1,1053,1092,1075
1,1053,1093,1076
1,1054,1094,1077
1,1055,1095,1078
1,1055,1095,1079
1,1087,1095,1080
1,1087,1095,1081
1,1088,1097,1082
1,1089,1098,1083
1,1092,1098,1084
1,1092,1098,1085
1,1096,1099,1086
1,1128,1131,1100
1,1128,1132,1101
1,1128,1133,1102
1,1129,1134,1103
1,1130,1135,1104
1,1130,1135,1105
1,1130,1136,1106
1,1131,1137,1107
1,1131,1138,1108
1,1132,1139,1109
1,1132,1140,1110
1,1133,1141,1111
1,1133,1143,1112
1,1134,1144,1113
1,1134,1145,1114
1,1135,1146,1115
1,1139,1147,1116
1,1139,1148,1117
1,1141,1148,1118
1,1141,1149,1119
1,1142,1149,1120
1,1142,1150,1121
1,1142,1150,1122
1,1147,1150,1123
2,1147,1151,1124
1,1148,1152,1125
1,1149,1153,1126
1,1162,1165,1155
1,1162,1166,1156
1,1162,1167,1157
1,1163,1168,1158
1,1164,1169,1159
1,1164,1170,1160
1,1164,1171,1161
1,1165,1172,1175
1,1165,1173,1176
1,1166,1174,1177
1,1166,1174,1178
1,1167,1182,1179
1,1167,1183,1180
1,1170,1184,1181
1,1170,1187,1185
1,1171,1188,1186
1,1171,1189,1197
1,1172,1190,1198
1,1172,1190,1199
1,1173,1191,1200
1,1173,1191,1201
1,1174,1192,1202
1,1187,1193,1203
1,1187,1193,1204
1,1190,1193,1205
1,1191,1194,1206
2,1192,1195,1207
1,1192,1196,1208
2,1210,1213,1209
2,1210,1214,1211
7,1210,1215,1228
2,1212,1216,1232
1,1212,1217,1233
2,1212,1218,1234
1,1212,1219,1235
2,1213,1220,1236
2,1213,1221,1237
2,1214,1222,1238
1,1214,1223,1239
1,1214,1224,1240
2,1220,1224,1241
2,1220,1225,1242
2,1221,1225,1243
1,1221,1226,1244
2,1224,1227,1245
2,1225,1227,1246
1,1226,1229,1247
2,1226,1230,1248
2,1227,1231,1249
2,1264,1266,1251
2,1264,1267,1252
2,1264,1269,1253
1,1265,1271,1254
1,1265,1272,1255
1,1265,1272,1256
1,1266,1273,1257
2,1266,1274,1258
2,1267,1276,1259
2,1267,1276,1260
1,1269,1278,1261
1,1269,1279,1262
1,1270,1280,1263
1,1270,1281,1295
1,1270,1286,1296
1,1271,1287,1297
1,1271,1288,1298
1,1272,1289,1299
1,1273,1289,1300
1,1273,1290,1301
1,1275,1290,1302
1,1276,1291,1303
1,1277,1291,1304
1,1282,1291,1305
1,1283,1292,1306
1,1284,1292,1307
1,1285,1292,1308
1,1287,1293,1309
1,1287,1293,1310
1,1289,1293,1311
1,1290,1294,1312
1,1292,1294,1313
1,1293,1294,1314
1,1316,1319,1356
1,1316,1320,1357
1,1316,1321,1358
1,1316,1322,1359
1,1317,1323,1360
1,1317,1324,1361
1,1317,1324,1362
1,1318,1325,1363
1,1318,1326,1364
1,1318,1327,1365
1,1319,1328,1366
1,1319,1328,1367
1,1320,1329,1368
1,1320,1330,1369
1,1321,1331,1370
1,1321,1337,1371
1,1322,1338,1372
1,1322,1339,1373
1,1323,1340,1374
1,1323,1341,1375
2,1324,1342,1376
1,1325,1343,1377
2,1325,1344,1378
1,1326,1345,1379
1,1326,1346,1380
1,1327,1347,1381
1,1327,1348,1382
1,1327,1349,1383
1,1328,1349,1384
1,1329,1350,1385
1,1329,1351,1386
1,1332,1351,1387
1,1333,1351,1388
1,1334,1352,1389
1,1335,1352,1390
1,1336,1352,1391
1,1338,1352,1392
1,1338,1353,1393
1,1344,1353,1394
1,1346,1354,1395
1,1349,1354,1396
1,1351,1355,1397
1,1353,1355,1398
1,1354,1355,1399
1,1401,1404,1400
2,1401,1405,1402
2,1401,1406,1419
1,1403,1407,1423
1,1403,1408,1424
1,1403,1409,1425
7,1403,1410,1426
1,1404,1411,1427
1,1404,1412,1428
2,1405,1413,1429
1,1405,1414,1430
1,1405,1415,1431
1,1411,1415,1432
1,1411,1416,1433
1,1412,1416,1434
1,1412,1417,1435
1,1415,1418,1436
2,1416,1418,1437
2,1417,1420,1438
1,1417,1421,1439
1,1418,1422,1440
1,1442,1474,1444
7,1471,1475,1445
1,1471,1476,1446
1,1471,1477,1447
1,1472,1478,1448
1,1473,1478,1449
2,1473,1479,1450
1,1473,1480,1451
1,1474,1481,1452
1,1474,1482,1453
1,1475,1483,1454
7,1475,1484,1455
1,1476,1485,1456
2,1476,1486,1457
1,1477,1487,1458
1,1477,1488,1459
1,1478,1489,1460
1,1482,1490,1461
2,1482,1491,1462
7,1484,1491,1463
1,1484,1492,1464
1,1485,1492,1465
1,1485,1493,1466
1,1490,1493,1467
1,1490,1493,1468
1,1491,1494,1469
1,1492,1495,1470
1,1496,1498,1516
1,1496,1499,1517
1,1496,1500,1518
1,1497,1501,1519
2,1497,1502,1520
1,1497,1503,1521
2,1497,1505,1522
1,1498,1506,1523
1,1498,1507,1524
1,1501,1508,1525
1,1501,1508,1526
1,1504,1509,1527
1,1504,1509,1528
1,1504,1510,1529
1,1507,1511,1530
1,1507,1511,1531
1,1508,1511,1532
2,1509,1512,1533
1,1510,1513,1534
1,1510,1514,1535
1,1563,1566,1536
1,1563,1567,1537
1,1563,1568,1538
1,1564,1569,1539
1,1565,1570,1540
1,1565,1570,1541
1,1565,1571,1542
1,1566,1572,1543
7,1566,1573,1544
1,1567,1574,1545
1,1567,1575,1546
1,1568,1576,1547
1,1568,1578,1548
1,1569,1579,1549
1,1569,1580,1550
1,1570,1581,1551
1,1574,1582,1552
1,1574,1583,1553
1,1576,1583,1554
1,1576,1584,1555
1,1577,1584,1556
1,1577,1585,1557
1,1577,1585,1558
1,1582,1585,1559
1,1582,1586,1560
1,1583,1587,1561
1,1584,1588,1589
1,1590,1592,1606
1,1591,1593,1607
2,1591,1596,1608
1,1591,1602,1609
2,1592,1602,1610
2,1592,1603,1611
1,1593,1604,1612
1,1593,1605,1613
2,1594,1640,1614
1,1595,1640,1615
1,1597,1641,1616
1,1598,1642,1617
1,1599,1642,1618
1,1600,1643,1619
1,1601,1643,1620
1,1601,1644,1621
1,1601,1644,1622
1,1602,1645,1623
1,1604,1646,1624
1,1604,1647,1625
1,1640,1647,1626
2,1641,1648,1627
2,1641,1648,1628
2,1642,1649,1629
1,1643,1650,1630
1,1644,1650,1631
1,1646,1651,1632
1,1646,1651,1633
1,1647,1651,1634
2,1648,1652,1635
2,1649,1652,1636
2,1649,1652,1637
1,1650,1653,1638
1,1682,1685,1654
1,1682,1686,1655
1,1682,1687,1656
1,1683,1688,1657
1,1684,1689,1658
1,1684,1689,1659
1,1684,1690,1660
1,1685,1691,1661
2,1685,1692,1662
1,1686,1693,1663
1,1686,1694,1664
1,1687,1695,1665
1,1687,1697,1666
1,1688,1698,1667
1,1688,1699,1668
1,1689,1700,1669
1,1693,1701,1670
1,1693,1702,1671
2,1695,1702,1672
1,1695,1703,1673
1,1696,1703,1674
1,1696,1704,1675
1,1696,1704,1676
1,1701,1704,1677
1,1701,1705,1678
2,1702,1706,1679
1,1703,1707,1680
1,1708,1713,1724
7,1708,1714,1725
1,1708,1715,1726
2,1709,1716,1727
1,1710,1717,1728
1,1711,1718,1729
1,1711,1719,1730
1,1711,1720,1731
1,1712,1721,1732
1,1712,1722,1733
1,1712,1723,1734
1,1717,1754,1735
1,1717,1754,1736
1,1718,1754,1737
1,1718,1756,1738
1,1719,1757,1739
1,1719,1757,1740
1,1720,1758,1741
1,1720,1759,1742
1,1755,1760,1743
1,1755,1760,1744
1,1755,1760,1745
1,1756,1761,1746
1,1756,1762,1747
1,1757,1763,1748
1,1758,1764,1749
2,1758,1764,1750
1,1759,1764,1751
1,1759,1764,1752
1,1785,1787,1765
2,1785,1788,1766
1,1785,1789,1767
1,1786,1790,1768
7,1786,1791,1769
1,1787,1792,1770
1,1787,1794,1771
2,1788,1795,1772
1,1788,1796,1773
1,1789,1796,1774
1,1789,1797,1775
1,1793,1797,1776
1,1793,1798,1777
1,1793,1798,1778
1,1796,1799,1779
1,1797,1800,1780
1,1798,1800,1781
1,1799,1801,1782
1,1799,1802,1783
1,1800,1803,1784
1,1823,1827,1805
1,1823,1828,1806
1,1823,1829,1807
1,1824,1831,1808
2,1824,1832,1809
2,1824,1833,1810
1,1827,1834,1811
1,1827,1835,1812
1,1828,1836,1813
1,1828,1837,1814
1,1829,1838,1815
1,1829,1839,1816
2,1832,1840,1817
2,1832,1840,1818
2,1833,1841,1819
1,1833,1842,1820
1,1834,1843,1821
1,1834,1844,1822
2,1837,1845,1825
1,1837,1846,1826
2,1838,1847,1854
2,1838,1847,1855
1,1839,1848,1856
1,1839,1848,1857
2,1840,1849,1858
1,1844,1849,1859
1,1844,1850,1860
2,1847,1850,1861
2,1848,1851,1862
1,1849,1852,1863
1,1850,1853,1864
1,1865,1867,1895
1,1865,1868,1896
1,1865,1870,1897
1,1866,1871,1898
1,1866,1872,1899
1,1866,1873,1900
1,1867,1874,1901
1,1867,1875,1902
1,1868,1876,1903
1,1868,1877,1904
1,1869,1878,1905
1,1871,1879,1906
1,1871,1879,1907
1,1872,1880,1908
1,1872,1881,1909
1,1873,1882,1910
1,1873,1883,1911
1,1876,1884,1912
1,1876,1885,1913
1,1877,1886,1914
1,1877,1887,1915
1,1878,1888,1916
1,1878,1889,1917
1,1879,1889,1918
1,1882,1890,1919
1,1882,1890,1920
1,1883,1891,1922
1,1883,1891,1923
1,1887,1892,1924
1,1887,1893,1925
1,1889,1894,1926
1,1890,1894,1927
1,1891,1894,1928
1,1956,1958,1929
1,1956,1959,1930
1,1956,1962,1931
1,1957,1963,1932
1,1957,1964,1933
1,1957,1967,1934
1,1958,1967,1935
1,1958,1970,1936
1,1959,1971,1937
1,1959,1972,1938
1,1960,1973,1939
1,1960,1974,1940
1,1960,1974,1941
1,1960,1975,1942
1,1961,1975,1943
1,1962,1976,1944
1,1962,1976,1945
1,1965,1977,1946
1,1966,1977,1947
1,1967,1977,1948
1,1968,1978,1949
1,1969,1978,1950
1,1974,1979,1951
1,1975,1979,1952
1,1976,1980,1953
1,1978,1980,1954
1,1979,1980,1955
1,1982,1985,1995
1,1983,1986,1996
1,1984,1988,1997
1,1984,1989,1998
1,1984,1990,1999
1,1987,1993,2000
1,1987,2023,2001
1,1987,2023,2002
1,1988,2024,2003
1,1988,2025,2004
1,1989,2026,2005
1,1989,2027,2006
1,1990,2028,2007
1,1990,2029,2008
1,1991,2029,2009
1,1992,2030,2010
1,2023,2031,2011
1,2026,2031,2012
1,2026,2032,2013
1,2027,2033,2014
1,2027,2034,2015
1,2028,2034,2016
1,2028,2034,2017
1,2029,2035,2018
1,2030,2036,2019
1,2030,2036,2020
1,2031,2036,2021
1,2036,2037,2022
1,2057,2060,2038
1,2057,2061,2039
1,2057,2062,2040
2,2058,2063,2041
7,2059,2064,2042
1,2059,2065,2043
1,2059,2066,2044
2,2060,2067,2045
1,2060,2068,2046
1,2061,2069,2047
1,2061,2070,2048
1,2062,2070,2049
1,2062,2071,2050
1,2066,2071,2051
1,2066,2072,2052
1,2068,2073,2053
1,2068,2073,2054
1,2070,2073,2055
1,2071,2074,2056
1,2072,2075,2077
1,2072,2076,2078
7,2080,2084,2095
2,2080,2085,2096
1,2080,2086,2097
1,2081,2087,2098
1,2082,2088,2099
1,2082,2088,2100
1,2082,2089,2101
1,2083,2089,2102
1,2086,2090,2103
1,2086,2090,2104
1,2087,2090,2105
1,2087,2091,2106
1,2088,2092,2107
1,2089,2093,2108
1,2109,2151,2110
1,2148,2152,2111
1,2148,2153,2112
1,2148,2154,2113
1,2149,2155,2114
1,2150,2156,2115
1,2150,2157,2116
1,2150,2158,2117
1,2151,2158,2118
1,2151,2159,2119
1,2152,2160,2120
2,2152,2161,2121
1,2153,2162,2122
1,2153,2163,2123
1,2155,2165,2124
1,2155,2165,2125
1,2156,2166,2126
1,2156,2167,2127
1,2157,2168,2128
1,2157,2169,2129
1,2158,2170,2130
1,2159,2170,2131
1,2159,2171,2132
1,2162,2171,2133
1,2162,2172,2134
1,2163,2173,2135
1,2163,2174,2136
1,2165,2174,2137
1,2168,2175,2138
1,2168,2176,2139
1,2169,2176,2140
1,2169,2177,2141
1,2170,2178,2142
1,2171,2178,2143
1,2174,2178,2144
1,2176,2179,2145
1,2177,2180,2146
1,2177,2181,2147
1,2182,2187,2186
1,2184,2200,2188
1,2185,2200,2191
2,2185,2202,2192
1,2185,2203,2194
1,2187,2204,2195
1,2187,2205,2196
1,2189,2206,2198
1,2190,2206,2199
2,2193,2206,2207
1,2197,2208,2213
1,2197,2209,2214
1,2197,2210,2215
2,2200,2211,2216
2,2201,2211,2217
1,2201,2212,2218
1,2201,2212,2219
1,2202,2224,2220
1,2202,2225,2221
1,2203,2226,2222
1,2203,2229,2223
2,2204,2229,2227
1,2204,2229,2228
1,2205,2230,2232
1,2205,2230,2233
1,2211,2231,2234
1,2212,2231,2235
1,2225,2231,2237
2,2225,2236,2239
1,2230,2238,2240
1,2241,2242,2259
1,2241,2243,2260
1,2241,2244,2261
1,2242,2245,2262
1,2242,2246,2263
1,2243,2248,2264
1,2243,2249,2265
1,2246,2250,2266
1,2246,2252,2267
1,2247,2253,2268
1,2247,2254,2269
1,2251,2257,2270
1,2251,2291,2271
1,2251,2291,2272
1,2252,2292,2273
1,2252,2293,2274
1,2253,2294,2275
1,2253,2294,2276
1,2254,2295,2277
1,2254,2295,2278
1,2255,2296,2279
1,2256,2297,2280
1,2291,2298,2281
1,2292,2298,2282
1,2292,2299,2283
1,2293,2299,2284
1,2293,2300,2285
1,2294,2300,2286
1,2295,2301,2287
1,2298,2302,2288
1,2299,2302,2289
1,2300,2302,2290
1,2303,2340,2305
1,2338,2341,2306
1,2338,2342,2307
1,2338,2343,2308
1,2339,2345,2309
1,2339,2345,2310
1,2339,2346,2311
1,2340,2347,2312
1,2340,2348,2313
1,2341,2349,2314
1,2341,2350,2315
1,2342,2350,2316
2,2342,2351,2317
1,2344,2352,2318
1,2344,2353,2319
1,2344,2354,2320
1,2345,2355,2321
1,2346,2356,2322
1,2346,2357,2323
1,2347,2358,2324
1,2347,2359,2325
1,2348,2360,2326
1,2348,2360,2327
1,2349,2361,2328
1,2349,2362,2329
1,2350,2362,2330
1,2355,2363,2331
1,2355,2363,2332
1,2356,2364,2333
1,2356,2364,2334
1,2360,2364,2335
1,2362,2365,2336
2,2363,2366,2337
1,2367,2369,2373
2,2367,2370,2374
1,2367,2371,2375
1,2368,2396,2376
1,2368,2399,2377
1,2368,2399,2378
1,2369,2400,2379
7,2369,2402,2380
2,2370,2403,2381
1,2370,2404,2382
1,2371,2405,2383
2,2371,2406,2384
1,2396,2407,2385
1,2396,2407,2386
2,2398,2408,2387
2,2398,2409,2388
2,2398,2410,2389
2,2399,2411,2390
1,2401,2411,2391
1,2407,2412,2392
2,2408,2412,2393
2,2408,2413,2394
2,2411,2413,2395
2,2412,2413,2397
1,2436,2438,2414
1,2436,2439,2415
1,2436,2440,2416
1,2437,2441,2417
1,2437,2442,2418
1,2437,2444,2419
1,2438,2444,2420
1,2438,2445,2421
1,2439,2446,2422
1,2439,2447,2423
1,2440,2448,2424
1,2440,2449,2425
1,2443,2450,2426
2,2443,2451,2427
1,2443,2452,2428
1,2443,2453,2429
1,2444,2453,2430
1,2444,2454,2431
1,2447,2454,2432
1,2447,2455,2433
1,2450,2455,2434
1,2450,2456,2460
1,2453,2456,2461
1,2454,2457,2462
1,2455,2458,2463
1,2456,2459,2464
1,2465,2471,2479
2,2466,2472,2480
2,2467,2473,2481
1,2468,2474,2482
1,2468,2475,2483
1,2468,2475,2484
1,2469,2476,2485
2,2470,2477,2486
1,2471,2477,2487
1,2471,2477,2488
1,2472,2501,2489
1,2472,2501,2490
2,2473,2502,2491
1,2473,2502,2492
1,2474,2502,2493
1,2474,2502,2494
1,2475,2503,2495
1,2476,2504,2496
1,2476,2505,2497
1,2501,2506,2498
1,2503,2507,2499
1,2503,2508,2500
1,2509,2511,2529
2,2509,2512,2530
1,2509,2513,2531
1,2510,2514,2532
2,2510,2515,2533
2,2510,2516,2534
2,2510,2518,2535
2,2511,2519,2536
1,2511,2520,2537
1,2514,2521,2538
1,2514,2521,2539
1,2517,2522,2540
1,2517,2522,2541
1,2517,2523,2542
1,2520,2524,2543
1,2520,2524,2544
1,2521,2524,2545
2,2522,2525,2546
2,2523,2526,2547
1,2523,2527,2548
1,2564,2567,2549
1,2564,2568,2550
2,2564,2576,2551
1,2565,2577,2552
1,2566,2578,2553
1,2566,2578,2554
2,2566,2579,2555
1,2567,2580,2556
1,2567,2581,2557
1,2568,2582,2558
1,2568,2583,2560
1,2576,2584,2561
1,2576,2585,2562
1,2577,2586,2563
2,2577,2587,2569
1,2578,2588,2570
1,2582,2589,2571
1,2582,2590,2572
1,2583,2591,2573
2,2583,2591,2574
2,2587,2592,2575
1,2587,2593,2597
1,2590,2593,2598
1,2590,2593,2599
1,2591,2594,2600
2,2592,2595,2601
1,2592,2596,2602
1,2614,2617,2603
1,2614,2618,2604
1,2614,2619,2605
1,2615,2620,2606
1,2616,2621,2607
1,2616,2622,2608
1,2616,2623,2609
1,2616,2624,2610
1,2617,2625,2611
1,2617,2626,2612
1,2617,2627,2613
1,2620,2630,2628
1,2620,2630,2629
1,2623,2631,2646
1,2623,2632,2647
1,2624,2633,2648
2,2624,2634,2649
1,2625,2635,2650
1,2625,2636,2651
1,2626,2637,2652
1,2626,2638,2653
1,2627,2639,2654
1,2627,2640,2655
1,2630,2640,2656
2,2636,2641,2657
1,2636,2642,2658
1,2638,2642,2660
1,2638,2642,2661
1,2640,2643,2662
1,2641,2644,2663
1,2641,2645,2664
1,2665,2671,2683
1,2665,2672,2684
1,2665,2673,2685
7,2666,2674,2686
1,2667,2675,2687
7,2668,2675,2688
1,2669,2676,2689
2,2669,2677,2690
2,2669,2677,2691
1,2670,2678,2692
1,2670,2679,2693
1,2670,2679,2694
1,2675,2679,2695
1,2676,2680,2696
1,2676,2681,2697
1,2677,2682,2698
1,2678,2682,2700
1,2678,2682,2701
1,2743,2745,2703
1,2743,2746,2704
1,2743,2748,2705
1,2744,2749,2706
1,2744,2750,2707
1,2744,2751,2708
1,2745,2752,2709
1,2745,2753,2710
1,2746,2754,2711
1,2746,2755,2712
2,2747,2755,2713
1,2749,2756,2714
1,2749,2757,2715
1,2750,2758,2716
1,2750,2759,2717
1,2751,2760,2718
1,2751,2761,2719
1,2752,2761,2720
1,2752,2762,2721
1,2753,2763,2722
1,2753,2764,2723
1,2754,2765,2724
1,2754,2766,2725
1,2755,2767,2726
1,2758,2768,2727
1,2758,2769,2728
1,2759,2770,2729
1,2759,2771,2730
1,2760,2772,2731
1,2760,2773,2732
1,2761,2773,2733
1,2765,2774,2734
1,2765,2774,2735
1,2767,2775,2736
1,2767,2775,2737
1,2768,2776,2738
1,2768,2777,2739
1,2773,2778,2740
1,2774,2778,2741
1,2775,2778,2742
1,2794,2796,2779
1,2794,2797,2780
1,2794,2798,2781
1,2795,2800,2782
1,2795,2801,2783
1,2795,2801,2784
1,2796,2804,2785
1,2796,2805,2786
1,2797,2805,2787
1,2797,2806,2788
1,2798,2807,2789
1,2798,2808,2790
1,2799,2813,2791
1,2799,2814,2792
1,2799,2815,2793
1,2800,2816,2827
1,2800,2817,2828
1,2801,2818,2829
1,2802,2819,2830
1,2803,2820,2831
1,2805,2820,2832
1,2809,2821,2833
1,2810,2821,2834
1,2811,2822,2835
1,2812,2822,2836
1,2813,2822,2837
1,2813,2823,2838
7,2814,2823,2839
7,2814,2823,2840
1,2816,2824,2841
1,2816,2824,2842
1,2820,2824,2843
1,2821,2825,2844
1,2823,2825,2845
1,2824,2825,2846
1,2861,2864,2847
1,2861,2865,2848
1,2861,2866,2849
1,2862,2867,2850
1,2862,2868,2851
2,2862,2869,2852
7,2863,2869,2853
1,2867,2870,2854
1,2867,2870,2855
1,2868,2871,2856
1,2868,2871,2857
2,2869,2872,2858
1,2870,2873,2859
1,2871,2874,2860
1,2876,2878,2881
1,2876,2879,2882
1,2876,2902,2883
1,2877,2903,2884
1,2877,2905,2885
2,2877,2906,2886
1,2878,2907,2887
1,2879,2909,2888
1,2879,2910,2889
1,2902,2911,2890
1,2902,2912,2891
1,2903,2913,2892
1,2903,2913,2893
2,2903,2914,2894
1,2904,2915,2895
1,2904,2915,2896
1,2904,2916,2897
1,2908,2916,2898
1,2913,2917,2899
1,2915,2917,2900
1,2916,2917,2901
2,2932,2934,2918
1,2932,2935,2919
1,2932,2936,2920
2,2933,2937,2921
2,2933,2938,2922
2,2933,2940,2923
2,2934,2941,2924
2,2934,2943,2925
1,2935,2943,2926
1,2935,2944,2927
1,2939,2945,2928
7,2939,2946,2929
1,2939,2947,2930
1,2942,2948,2931
1,2942,2949,2955
1,2943,2949,2956
1,2944,2950,2957
1,2944,2951,2958
1,2944,2951,2959
1,2948,2951,2960
2,2948,2952,2961
1,2949,2953,2962
1,2950,2954,2963
1,2950,2954,2965
1,2973,2975,2966
1,2973,2976,2967
2,2973,2977,2968
1,2974,2978,2969
1,2974,2979,2970
1,2974,2979,2971
1,2975,2980,2972
1,2975,2981,3003
1,2976,2982,3004
1,2976,2983,3005
1,2977,2984,3006
1,2977,2985,3007
1,2978,2987,3008
1,2978,2988,3009
1,2979,2989,3010
1,2983,2990,3011
2,2983,2991,3012
1,2984,2992,3013
1,2984,2993,3015
1,2985,2994,3016
1,2985,2995,3017
1,2986,2996,3018
1,2986,2997,3019
1,2986,2997,3020
1,2987,2998,3021
1,2987,2999,3022
1,2995,2999,3023
1,2995,2999,3024
1,2997,3000,3025
1,2998,3001,3026
2,2998,3002,3027
1,3028,3029,3035
1,3028,3030,3036
1,3028,3032,3037
7,3029,3033,3038
7,3029,3059,3039
1,3030,3060,3040
1,3030,3060,3041
1,3031,3061,3042
1,3031,3062,3043
1,3031,3062,3044
1,3032,3063,3045
1,3032,3065,3046
7,3033,3066,3047
1,3033,3067,3048
7,3059,3068,3049
7,3059,3069,3050
1,3060,3070,3051
1,3061,3070,3052
7,3061,3071,3053
1,3062,3072,3054
2,3064,3073,3055
1,3070,3074,3056
7,3071,3074,3057
1,3071,3074,3058
1,3075,3080,3091
2,3075,3081,3092
2,3075,3082,3093
2,3076,3083,3094
1,3077,3084,3095
1,3078,3085,3096
1,3078,3086,3097
1,3078,3087,3098
2,3079,3088,3099
1,3079,3089,3100
1,3079,3090,3101
1,3084,3121,3102
1,3084,3121,3103
1,3085,3121,3104
1,3085,3123,3105
1,3086,3124,3106
1,3086,3124,3107
1,3087,3125,3108
1,3087,3126,3109
1,3122,3127,3110
1,3122,3127,3111
1,3122,3127,3112
2,3123,3128,3113
2,3123,3129,3114
2,3124,3130,3115
1,3125,3131,3116
1,3125,3131,3117
1,3126,3131,3118
1,3126,3131,3119
1,3162,3164,3132
1,3162,3165,3133
1,3162,3166,3134
1,3163,3167,3135
1,3163,3168,3136
1,3163,3169,3137
1,3164,3170,3138
1,3164,3170,3139
1,3165,3171,3140
1,3165,3172,3141
1,3166,3173,3142
1,3166,3174,3143
1,3167,3175,3144
2,3167,3176,3145
1,3168,3177,3146
1,3168,3178,3147
1,3169,3179,3148
2,3169,3180,3149
2,3170,3181,3150
1,3173,3182,3151
1,3173,3183,3152
1,3177,3183,3153
1,3177,3184,3154
1,3178,3184,3155
1,3178,3185,3156
1,3183,3186,3157
1,3184,3186,3158
1,3185,3187,3159
1,3185,3188,3160
1,3186,3189,3161
1,3191,3193,3221
1,3191,3194,3222
2,3191,3196,3223
2,3192,3197,3224
1,3192,3198,3225
1,3192,3199,3226
1,3193,3200,3227
1,3193,3201,3228
1,3194,3202,3229
1,3194,3203,3230
2,3195,3204,3231
2,3197,3205,3232
2,3197,3205,3233
1,3198,3206,3234
1,3198,3207,3235
1,3199,3208,3236
1,3199,3209,3237
1,3202,3210,3238
1,3202,3211,3239
2,3203,3212,3240
1,3203,3213,3241
1,3204,3214,3242
1,3204,3215,3243
1,3205,3215,3244
1,3208,3216,3245
1,3208,3216,3246
1,3209,3217,3248
1,3209,3217,3249
1,3213,3218,3250
1,3213,3219,3251
1,3215,3220,3252
1,3216,3220,3253
2,3217,3220,3254
1,3265,3267,3255
1,3265,3268,3256
1,3265,3269,3257
1,3266,3270,3258
1,3266,3271,3259
1,3266,3275,3260
7,3267,3277,3261
1,3268,3278,3262
1,3268,3279,3263
1,3269,3280,3264
1,3269,3280,3272
1,3276,3281,3273
1,3276,3281,3274
1,3276,3282,3288
1,3279,3282,3289
1,3279,3283,3290
1,3280,3283,3291
1,3281,3284,3292
1,3282,3285,3293
1,3283,3286,3294
1,3309,3313,3295
1,3309,3314,3296
1,3309,3315,3297
1,3310,3316,3298
1,3311,3317,3299
1,3312,3317,3300
2,3312,3320,3301
1,3312,3321,3302
1,3313,3322,3303
1,3313,3323,3304
1,3314,3324,3305
2,3314,3325,3306
1,3315,3326,3307
1,3315,3327,3308
1,3316,3328,3318
1,3316,3329,3319
1,3317,3329,3335
1,3322,3330,3336
1,3322,3330,3337
2,3325,3331,3338
2,3325,3331,3339
1,3328,3331,3340
1,3328,3332,3341
1,3329,3333,3342
1,3330,3334,3344
1,3345,3349,3357
1,3345,3350,3358
1,3345,3351,3359
1,3346,3352,3360
2,3347,3353,3361
1,3348,3354,3362
1,3348,3355,3363
1,3348,3356,3364
1,3351,3396,3365
1,3351,3397,3366
1,3352,3397,3367
1,3352,3398,3368
1,3353,3399,3369
1,3353,3400,3370
1,3354,3401,3371
1,3354,3401,3372
1,3355,3402,3373
1,3355,3403,3374
1,3356,3404,3375
1,3356,3404,3376
1,3396,3405,3377
1,3396,3405,3378
1,3397,3406,3379
1,3398,3406,3380
1,3398,3407,3381
1,3399,3407,3382
1,3399,3408,3383
1,3400,3408,3384
1,3400,3408,3385
1,3401,3409,3386
1,3402,3410,3387
1,3402,3411,3388
2,3403,3412,3389
1,3403,3413,3390
1,3404,3414,3391
1,3405,3415,3392
1,3406,3416,3393
1,3407,3417,3394
2,3435,3439,3419
1,3435,3440,3420
1,3435,3441,3421
1,3436,3442,3422
1,3437,3443,3423
1,3437,3443,3424
1,3437,3444,3425
1,3438,3445,3426
1,3438,3446,3427
1,3438,3446,3428
1,3443,3447,3429
2,3444,3447,3430
2,3444,3447,3431
1,3445,3448,3432
1,3445,3449,3433
2,3446,3450,3434
1,3452,3455,3477
1,3452,3456,3478
1,3452,3457,3479
1,3453,3458,3480
1,3454,3459,3481
1,3454,3459,3482
1,3454,3460,3483
1,3455,3461,3484
1,3455,3462,3485
1,3456,3463,3486
1,3456,3464,3487
1,3457,3465,3488
1,3457,3466,3489
1,3458,3467,3490
1,3458,3468,3491
1,3459,3469,3492
1,3463,3470,3493
1,3463,3470,3494
1,3464,3471,3495
1,3464,3471,3496
1,3464,3472,3497
1,3467,3473,3498
1,3467,3473,3499
1,3470,3473,3500
1,3471,3474,3501
2,3472,3475,3502
2,3472,3476,3503
1,3507,3509,3504
1,3507,3510,3505
1,3507,3511,3531
1,3508,3512,3532
1,3508,3513,3533
1,3508,3514,3534
1,3509,3515,3535
1,3509,3517,3536
1,3510,3518,3537
1,3510,3519,3538
1,3511,3520,3539
1,3511,3521,3540
1,3514,3522,3541
1,3514,3523,3542
1,3515,3524,3543
1,3515,3524,3544
1,3516,3525,3545
1,3516,3525,3546
2,3516,3526,3547
1,3518,3526,3548
1,3518,3527,3549
1,3524,3527,3550
2,3525,3528,3551
1,3526,3529,3552
2,3527,3530,3553
1,3554,3560,3568
1,3555,3561,3569
1,3556,3562,3570
1,3557,3563,3571
1,3557,3564,3572
2,3557,3564,3573
1,3558,3565,3574
1,3559,3566,3575
1,3560,3566,3576
1,3560,3566,3577
1,3561,3590,3578
1,3561,3590,3579
1,3562,3591,3580
1,3562,3591,3581
1,3563,3591,3582
1,3563,3591,3583
1,3564,3592,3584
2,3565,3593,3585
2,3565,3594,3586
1,3590,3595,3587
1,3592,3596,3588
1,3592,3597,3589
1,3641,3643,3599
1,3641,3644,3600
1,3641,3645,3601
1,3642,3647,3602
2,3642,3648,3603
2,3642,3648,3604
1,3643,3649,3605
1,3643,3650,3606
1,3644,3651,3607
1,3644,3652,3608
1,3645,3653,3609
1,3645,3653,3610
1,3646,3654,3611
1,3646,3655,3612
1,3646,3656,3613
1,3647,3657,3614
1,3647,3658,3615
1,3648,3662,3616
1,3649,3663,3617
1,3649,3664,3618
1,3649,3665,3619
1,3650,3666,3620
1,3650,3667,3621
1,3650,3668,3622
2,3651,3669,3623
1,3651,3670,3624
1,3651,3671,3625
1,3652,3672,3626
1,3652,3673,3627
1,3653,3673,3628
1,3653,3674,3629
1,3654,3674,3630
1,3654,3675,3631
1,3659,3675,3632
1,3660,3675,3633
1,3661,3676,3634
1,3663,3676,3635
1,3663,3677,3636
1,3673,3677,3637
1,3674,3678,3638
1,3676,3678,3639
1,3677,3678,3640
1,3680,3699,3679
1,3680,3700,3682
1,3680,3701,3686
1,3681,3703,3688
2,3683,3721,3691
2,3684,3723,3692
1,3685,3724,3693
1,3687,3724,3694
1,3687,3725,3695
1,3687,3726,3696
1,3689,3727,3697
1,3689,3728,3704
1,3689,3729,3705
2,3698,3729,3706
2,3698,3730,3707
2,3698,3731,3708
1,3699,3731,3709
1,3699,3732,3710
1,3700,3732,3711
1,3700,3733,3712
1,3701,3733,3713
1,3701,3734,3714
1,3702,3734,3715
2,3721,3735,3716
1,3721,3736,3717
1,3724,3736,3718
1,3725,3736,3719
1,3725,3739,3720
1,3729,3739,3722
1,3731,3739,3737
1,3732,3742,3738
1,3733,3742,3740
1,3734,3742,3741
1,3757,3760,3743
1,3757,3761,3744
1,3757,3762,3745
1,3758,3763,3746
1,3758,3764,3747
1,3758,3765,3748
1,3759,3765,3749
1,3763,3766,3750
1,3763,3766,3751
1,3764,3767,3752
1,3764,3767,3753
1,3765,3768,3754
1,3766,3769,3755
2,3767,3770,3756
1,3787,3789,3772
1,3787,3790,3773
1,3787,3791,3774
1,3788,3793,3775
1,3788,3794,3776
1,3788,3794,3777
1,3789,3797,3778
2,3789,3798,3779
1,3790,3798,3780
1,3790,3799,3781
1,3791,3800,3782
2,3791,3801,3783
1,3792,3806,3784
2,3792,3807,3785
1,3792,3808,3786
2,3793,3809,3820
1,3793,3810,3821
1,3794,3811,3822
1,3795,3812,3823
1,3796,3813,3824
2,3798,3813,3825
1,3802,3814,3826
1,3803,3814,3827
1,3804,3815,3828
1,3805,3815,3829
1,3806,3815,3830
1,3806,3816,3831
1,3807,3816,3832
1,3807,3816,3833
1,3809,3817,3834
1,3809,3817,3835
2,3813,3817,3836
2,3814,3818,3837
1,3816,3818,3838
1,3817,3818,3839
2,3854,3857,3840
2,3854,3858,3842
1,3854,3859,3843
1,3856,3864,3844
1,3856,3864,3845
1,3856,3865,3846
1,3860,3866,3847
7,3861,3867,3848
7,3862,3867,3849
1,3863,3868,3850
2,3864,3868,3851
2,3865,3868,3852
1,3865,3869,3853
1,3866,3870,3855
1,3866,3870,3872
1,3867,3871,3873
1,3869,3871,3874
1,3870,3871,3875
1,3905,3908,3876
1,3905,3909,3877
1,3905,3910,3878
1,3906,3911,3879
1,3907,3912,3880
1,3907,3912,3881
1,3907,3913,3882
1,3908,3914,3883
1,3908,3915,3884
1,3909,3916,3885
1,3909,3917,3886
1,3910,3919,3887
2,3910,3920,3888
1,3911,3921,3889
1,3911,3922,3890
1,3912,3923,3891
2,3916,3924,3892
1,3916,3925,3893
1,3918,3926,3894
1,3918,3926,3895
2,3918,3927,3896
1,3918,3927,3897
1,3922,3928,3898
1,3922,3928,3899
1,3925,3928,3900
1,3925,3929,3901
1,3926,3930,3902
2,3927,3931,3903
2,3933,3952,3932
1,3933,3953,3935
1,3933,3954,3939
1,3934,3956,3941
2,3936,3974,3944
1,3937,3976,3945
1,3938,3977,3946
2,3940,3977,3947
1,3940,3978,3948
1,3940,3979,3949
1,3942,3980,3950
1,3942,3981,3957
1,3942,3982,3958
1,3951,3982,3959
1,3951,3983,3960
1,3951,3984,3961
1,3952,3984,3962
2,3952,3985,3963
1,3953,3985,3964
1,3953,3986,3965
1,3954,3986,3966
1,3954,3987,3967
2,3955,3987,3968
1,3974,3988,3969
1,3974,3989,3970
2,3977,3989,3971
1,3978,3989,3972
1,3978,3992,3973
1,3982,3992,3975
1,3984,3992,3990
2,3985,3995,3991
1,3986,3995,3993
1,3987,3995,3994
1,3996,3999,4006
1,3997,4000,4007
1,3997,4001,4008
1,3997,4002,4009
1,3998,4004,4010
2,3999,4005,4011
2,3999,4027,4012
1,4000,4028,4013
1,4000,4029,4014
1,4001,4029,4015
1,4001,4030,4016
1,4002,4031,4017
1,4002,4031,4018
2,4003,4032,4019
1,4028,4034,4020
1,4028,4035,4021
1,4029,4035,4022
1,4030,4036,4023
1,4030,4037,4024
1,4031,4037,4025
1,4035,4037,4026
1,4038,4041,4042
1,4038,4078,4043
1,4038,4078,4044
2,4039,4080,4045
1,4040,4080,4046
1,4075,4082,4047
1,4076,4083,4048
1,4077,4084,4049
1,4077,4084,4050
1,4077,4085,4051
1,4078,4086,4052
1,4080,4087,4053
1,4081,4088,4054
1,4081,4089,4055
1,4081,4089,4056
1,4082,4090,4057
1,4082,4091,4058
1,4083,4091,4059
1,4083,4092,4060
1,4084,4093,4061
1,4087,4094,4062
1,4087,4095,4063
2,4088,4095,4064
1,4088,4096,4065
1,4089,4097,4066
7,4091,4098,4067
1,4093,4099,4068
1,4093,4100,4069
2,4094,4101,4070
2,4094,4102,4071
2,4095,4102,4072
1,4097,4102,4073
1,4097,4103,4074
1,4100,4104,4106
1,4101,4104,4107
1,4101,4104,4108
1,4104,4105,4109
1,4110,4134,4113
1,4111,4135,4114
1,4131,4136,4115
1,4131,4137,4116
1,4131,4139,4117
7,4132,4140,4118
1,4133,4141,4119
1,4133,4141,4120
1,4133,4142,4121
1,4134,4142,4122
1,4134,4143,4123
2,4138,4143,4124
1,4138,4144,4125
1,4138,4144,4126
2,4141,4145,4127
2,4142,4145,4128
2,4143,4145,4129
1,4144,4146,4130
1,4147,4149,4175
1,4147,4150,4176
1,4147,4151,4177
1,4148,4152,4178
1,4148,4153,4179
1,4148,4154,4180
1,4149,4155,4181
1,4149,4155,4182
1,4150,4156,4183
2,4150,4157,4184
1,4151,4158,4185
1,4151,4159,4186
1,4152,4160,4187
1,4152,4161,4188
1,4153,4162,4189
1,4153,4164,4190
1,4154,4165,4191
1,4154,4166,4192
1,4155,4167,4193
1,4158,4168,4194
1,4158,4168,4195
1,4162,4169,4196
1,4162,4169,4197
1,4163,4170,4198
1,4163,4170,4199
1,4163,4171,4200
1,4168,4171,4201
2,4169,4172,4202
1,4170,4173,4203
1,4171,4174,4204
1,4206,4213,4232
1,4207,4214,4233
1,4208,4215,4234
1,4208,4216,4235
1,4208,4216,4236
1,4209,4217,4237
1,4210,4218,4238
1,4211,4220,4239
1,4212,4221,4240
1,4212,4222,4241
1,4212,4223,4242
1,4215,4224,4243
1,4215,4224,4244
1,4216,4225,4245
1,4217,4226,4246
1,4217,4226,4247
1,4218,4227,4248
1,4218,4227,4249
1,4219,4228,4250
1,4222,4228,4251
1,4223,4229,4252
1,4223,4229,4253
1,4224,4229,4254
1,4226,4231,4255
1,4227,4231,4256
1,4228,4231,4257
1,4277,4279,4258
1,4277,4280,4259
1,4277,4281,4260
2,4278,4282,4261
2,4278,4283,4262
2,4278,4284,4263
1,4279,4285,4264
2,4279,4287,4265
1,4280,4288,4266
2,4280,4289,4267
1,4281,4290,4268
2,4281,4291,4269
1,4285,4292,4270
1,4285,4292,4271
1,4286,4293,4272
1,4286,4293,4273
1,4286,4294,4274
1,4288,4294,4275
7,4288,4295,4276
7,4292,4295,4300
1,4293,4296,4301
1,4294,4297,4302
1,4295,4298,4303
1,4349,4351,4305
1,4349,4352,4306
1,4349,4354,4307
1,4350,4355,4308
1,4350,4356,4309
1,4350,4357,4310
1,4351,4358,4311
1,4351,4358,4312
1,4352,4359,4313
1,4352,4360,4314
1,4353,4361,4315
1,4355,4362,4316
1,4355,4363,4317
1,4356,4364,4318
1,4356,4365,4319
1,4357,4365,4320
1,4357,4366,4321
1,4358,4367,4322
1,4360,4368,4323
1,4360,4369,4324
1,4362,4370,4325
1,4362,4370,4326
1,4363,4371,4327
1,4363,4372,4328
1,4364,4373,4329
1,4364,4374,4330
1,4365,4375,4331
1,4367,4376,4332
1,4367,4377,4333
1,4368,4378,4334
1,4368,4379,4335
1,4369,4380,4336
1,4369,4381,4337
1,4370,4381,4338
1,4371,4382,4339
1,4371,4382,4340
1,4374,4383,4341
1,4374,4383,4342
1,4375,4383,4343
7,4375,4384,4344
1,4378,4385,4345
1,4378,4386,4346
1,4381,4386,4347
1,4382,4386,4348
2,4387,4394,4413
2,4388,4395,4414
1,4389,4396,4415
1,4389,4397,4416
1,4389,4397,4417
1,4390,4398,4418
2,4391,4399,4419
1,4392,4401,4420
2,4393,4402,4421
1,4393,4403,4422
1,4393,4404,4423
1,4396,4405,4424
1,4396,4405,4425
1,4397,4406,4426
1,4398,4407,4427
1,4398,4407,4428
1,4399,4408,4429
1,4399,4408,4430
1,4400,4409,4431
1,4403,4409,4432
1,4404,4410,4433
1,4404,4410,4434
2,4405,4410,4435
1,4407,4412,4436
1,4408,4412,4437
1,4409,4412,4438
1,4439,4440,4462
2,4439,4443,4463
2,4439,4444,4464
1,4440,4448,4465
7,4440,4452,4466
1,4441,4453,4467
1,4441,4454,4468
1,4441,4455,4469
1,4441,4455,4470
1,4442,4456,4471
1,4442,4456,4472
1,4442,4457,4473
1,4445,4457,4474
1,4446,4458,4475
2,4447,4458,4476
7,4448,4459,4477
7,4448,4459,4478
1,4449,4460,4480
1,4450,4460,4481
1,4451,4461,4482
1,4455,4461,4483
1,4456,4490,4484
1,4457,4490,4485
1,4458,4490,4486
1,4459,4491,4487
1,4460,4491,4488
1,4461,4491,4489
1,4497,4501,4492
1,4497,4502,4493
1,4497,4503,4494
1,4498,4504,4495
1,4499,4505,4496
1,4499,4506,4514
1,4499,4506,4515
1,4500,4507,4516
1,4500,4508,4517
1,4500,4508,4518
1,4505,4509,4519
1,4505,4509,4520
1,4506,4509,4521
1,4507,4510,4522
1,4507,4511,4523
1,4508,4512,4524
2,4525,4527,4555
1,4525,4528,4556
1,4525,4530,4557
2,4526,4531,4558
2,4526,4532,4559
1,4526,4533,4560
1,4527,4534,4561
1,4527,4535,4562
1,4528,4536,4563
1,4528,4537,4564
1,4529,4538,4565
1,4531,4539,4566
1,4531,4539,4567
1,4532,4540,4568
1,4532,4541,4569
1,4533,4542,4570
1,4533,4543,4571
1,4536,4544,4572
1,4536,4545,4573
1,4537,4546,4574
1,4537,4547,4575
2,4538,4548,4576
2,4538,4549,4577
1,4539,4549,4578
1,4542,4550,4579
1,4542,4550,4580
1,4543,4551,4581
1,4543,4551,4582
1,4547,4552,4583
1,4547,4553,4584
2,4549,4554,4585
1,4550,4554,4586
1,4551,4554,4587
1,4619,4621,4589
1,4619,4622,4590
1,4619,4623,4591
2,4620,4624,4592
1,4620,4625,4593
1,4620,4626,4594
1,4621,4627,4595
1,4621,4628,4596
1,4622,4629,4597
7,4622,4630,4599
1,4623,4631,4600
1,4623,4632,4601
1,4626,4633,4602
1,4626,4634,4603
1,4627,4634,4604
1,4627,4635,4605
1,4628,4636,4606
1,4628,4637,4607
2,4630,4638,4608
1,4630,4639,4609
1,4632,4640,4610
1,4632,4641,4611
1,4633,4641,4612
1,4633,4642,4613
1,4634,4642,4614
1,4636,4643,4615
1,4637,4643,4616
1,4637,4644,4617
1,4641,4644,4618
1,4642,4645,4648
1,4643,4646,4649
2,4644,4647,4650
1,4661,4664,4651
1,4661,4664,4652
1,4661,4665,4653
2,4662,4666,4654
1,4662,4667,4655
7,4662,4669,4656
1,4663,4672,4657
1,4663,4672,4658
1,4663,4676,4659
1,4664,4677,4660
1,4665,4678,4675
1,4665,4678,4684
2,4668,4679,4685
2,4670,4679,4686
2,4671,4680,4687
1,4672,4680,4688
1,4673,4680,4689
1,4674,4681,4690
1,4677,4681,4692
1,4677,4682,4693
1,4678,4682,4694
1,4679,4683,4695
1,4681,4683,4696
1,4682,4683,4697
1,4698,4703,4710
1,4699,4704,4711
1,4700,4705,4712
1,4701,4706,4713
1,4702,4708,4714
1,4702,4709,4715
2,4702,4727,4716
2,4703,4727,4717
2,4703,4727,4718
7,4704,4728,4719
1,4704,4729,4720
1,4705,4729,4721
1,4705,4729,4722
1,4706,4730,4723
1,4706,4730,4724
2,4707,4730,4725
1,4731,4763,4733
1,4760,4764,4734
1,4760,4765,4735
1,4760,4766,4736
1,4761,4767,4737
1,4762,4767,4738
1,4762,4768,4739
2,4762,4769,4740
1,4763,4770,4741
1,4763,4771,4742
1,4764,4772,4743
1,4764,4773,4744
1,4765,4774,4745
1,4765,4775,4746
2,4766,4776,4747
1,4766,4777,4748
1,4767,4778,4749
1,4771,4779,4750
1,4771,4780,4751
1,4773,4780,4752
1,4773,4781,4753
1,4774,4781,4754
1,4774,4782,4755
1,4779,4782,4756
1,4779,4782,4757
1,4780,4783,4758
1,4781,4784,4759
1,4785,4786,4803
1,4785,4787,4804
1,4785,4788,4805
1,4786,4789,4806
1,4786,4790,4807
1,4787,4792,4808
1,4787,4793,4809
1,4790,4794,4810
1,4790,4796,4811
1,4791,4797,4812
1,4791,4798,4813
2,4795,4801,4814
1,4795,4835,4815
1,4795,4835,4816
1,4796,4836,4817
1,4796,4837,4818
1,4797,4838,4819
1,4797,4838,4820
1,4798,4839,4821
1,4798,4839,4822
2,4799,4840,4823
2,4800,4841,4824
1,4835,4842,4825
2,4836,4842,4826
2,4836,4843,4827
1,4837,4843,4828
1,4837,4844,4829
1,4838,4844,4830
1,4839,4845,4831
1,4842,4846,4832
1,4843,4846,4833
1,4844,4846,4834
1,4849,4852,4847
1,4849,4853,4877
1,4849,4854,4878
1,4850,4855,4879
1,4851,4856,4880
1,4851,4856,4881
1,4851,4857,4882
1,4852,4858,4883
1,4852,4859,4884
1,4853,4860,4885
1,4853,4861,4886
1,4854,4862,4887
1,4854,4864,4888
1,4855,4865,4889
1,4855,4866,4890
1,4856,4867,4891
1,4860,4868,4892
1,4860,4869,4893
1,4861,4870,4894
1,4861,4871,4895
1,4862,4871,4896
1,4862,4872,4897
1,4863,4872,4898
1,4863,4873,4899
1,4863,4873,4900
1,4870,4873,4901
1,4870,4874,4902
1,4871,4875,4903
1,4872,4876,4904
1,4927,4934,4905
1,4927,4935,4906
1,4927,4936,4907
1,4932,4937,4908
1,4932,4938,4909
1,4932,4938,4910
1,4934,4939,4911
1,4934,4940,4912
7,4935,4941,4913
1,4935,4942,4914
1,4936,4943,4915
1,4936,4944,4916
1,4937,4945,4917
1,4937,4946,4918
1,4938,4947,4919
1,4942,4948,4920
1,4942,4949,4921
1,4942,4950,4922
2,4943,4951,4923
1,4943,4952,4924
1,4946,4952,4925
1,4946,4953,4926
1,4947,4953,4928
1,4947,4954,4929
1,4952,4955,4930
1,4953,4955,4931
2,4954,4956,4933
1,4954,4957,4959
2,4955,4958,4961
1,4962,4964,4994
1,4962,4965,4995
1,4962,4966,4996
1,4963,4967,4997
1,4963,4968,4998
1,4964,4969,4999
1,4964,4970,5000
1,4965,4971,5001
1,4965,4972,5002
1,4966,4973,5003
1,4966,4974,5004
1,4968,4974,5005
1,4968,4975,5006
1,4969,4976,5007
1,4969,4977,5008
1,4970,4978,5009
1,4970,4981,5010
1,4971,4982,5011
1,4971,4983,5012
1,4972,4984,5013
1,4972,4984,5014
1,4973,4985,5015
1,4973,4986,5016
1,4974,4987,5017
1,4975,4988,5018
1,4975,4989,5019
1,4979,4989,5020
1,4980,4990,5021
1,4984,4991,5022
1,4988,4992,5023
1,4988,4993,5024
1,4990,4993,5025
1,4990,4993,5026
2,5057,5060,5028
1,5057,5061,5029
1,5057,5062,5030
1,5058,5063,5031
2,5059,5064,5032
1,5059,5065,5033
2,5059,5066,5034
2,5060,5066,5035
2,5060,5067,5036
1,5061,5068,5037
1,5061,5069,5038
1,5062,5070,5039
1,5062,5071,5040
1,5063,5072,5041
1,5063,5073,5042
1,5064,5074,5043
1,5064,5075,5044
1,5065,5076,5045
1,5065,5076,5046
2,5066,5077,5047
1,5068,5077,5048
1,5068,5078,5049
1,5073,5079,5050
1,5073,5079,5051
1,5076,5079,5052
2,5077,5080,5053
1,5078,5081,5054
1,5078,5082,5055
2,5127,5130,5084
2,5127,5131,5085
2,5127,5132,5086
1,5128,5133,5087
1,5128,5134,5088
1,5128,5135,5089
2,5129,5136,5090
1,5129,5137,5091
1,5129,5137,5092
2,5130,5138,5093
1,5130,5140,5094
1,5131,5141,5095
1,5131,5141,5096
2,5132,5142,5097
2,5132,5143,5098
1,5133,5144,5099
1,5133,5145,5100
1,5134,5146,5101
1,5134,5147,5102
1,5135,5148,5103
1,5135,5149,5104
2,5136,5150,5105
1,5136,5151,5106
1,5137,5152,5107
1,5138,5153,5108
1,5138,5154,5109
1,5139,5155,5110
1,5139,5156,5111
1,5139,5157,5112
2,5140,5158,5113
1,5140,5159,5114
1,5141,5160,5115
2,5142,5160,5116
2,5142,5161,5117
1,5143,5161,5118
1,5143,5161,5119
1,5149,5162,5120
1,5149,5162,5121
1,5159,5163,5122
1,5159,5163,5123
1,5160,5164,5124
1,5162,5164,5125
1,5163,5164,5126
1,5165,5167,5195
2,5165,5168,5196
2,5165,5170,5197
1,5166,5171,5198
1,5166,5172,5199
1,5166,5173,5200
2,5167,5174,5201
1,5167,5175,5202
2,5168,5176,5203
1,5168,5177,5204
1,5169,5178,5205
1,5171,5179,5206
1,5171,5179,5207
2,5172,5180,5208
1,5172,5181,5209
2,5173,5182,5210
2,5173,5183,5211
2,5176,5184,5212
2,5176,5185,5213
2,5177,5186,5214
1,5177,5187,5215
1,5178,5188,5216
1,5178,5189,5217
1,5179,5189,5218
1,5182,5190,5219
1,5182,5190,5220
2,5183,5191,5222
2,5183,5191,5223
2,5187,5192,5224
2,5187,5193,5225
1,5189,5194,5226
1,5190,5194,5227
2,5191,5194,5228
1,5239,5242,5229
1,5239,5242,5230
1,5239,5243,5231
1,5240,5244,5232
7,5240,5245,5233
1,5240,5247,5234
1,5241,5250,5235
1,5241,5250,5236
1,5241,5254,5237
1,5242,5255,5238
1,5243,5256,5253
1,5243,5256,5262
1,5246,5257,5263
1,5248,5257,5264
2,5249,5258,5265
1,5250,5258,5266
1,5251,5258,5267
1,5252,5259,5268
1,5255,5259,5270
1,5255,5260,5271
1,5256,5260,5272
1,5257,5261,5273
1,5259,5261,5274
1,5260,5261,5275
2,5276,5300,5279
1,5277,5302,5280
1,5278,5303,5281
1,5300,5304,5282
2,5300,5305,5283
2,5301,5306,5284
1,5301,5307,5285
1,5302,5309,5286
1,5302,5310,5287
1,5303,5311,5288
1,5303,5311,5289
1,5304,5312,5290
1,5304,5312,5291
1,5308,5313,5292
1,5308,5313,5293
1,5308,5314,5294
1,5311,5314,5295
1,5312,5315,5296
1,5313,5315,5297
1,5314,5315,5298
1,5334,5338,5316
1,5334,5339,5317
1,5334,5340,5318
1,5335,5342,5319
1,5335,5343,5320
1,5335,5344,5321
1,5338,5345,5322
1,5338,5346,5323
2,5339,5347,5324
1,5339,5348,5325
1,5340,5349,5326
1,5340,5350,5327
1,5343,5351,5328
1,5343,5351,5329
1,5344,5352,5330
1,5344,5353,5331
2,5345,5354,5332
1,5345,5355,5333
2,5348,5356,5336
2,5348,5357,5337
1,5349,5358,5365
1,5349,5358,5366
1,5350,5359,5367
1,5350,5359,5368
1,5351,5360,5369
1,5355,5360,5370
1,5355,5361,5371
1,5358,5361,5372
1,5359,5362,5373
2,5360,5363,5374
2,5361,5364,5375
1,5376,5377,5399
1,5376,5378,5400
1,5376,5379,5401
7,5377,5381,5402
1,5377,5382,5403
1,5378,5384,5404
1,5378,5385,5405
1,5379,5387,5406
1,5379,5388,5407
1,5380,5389,5408
1,5383,5390,5409
1,5383,5391,5410
1,5383,5392,5411
1,5385,5393,5412
1,5385,5394,5413
1,5386,5395,5414
1,5386,5396,5415
1,5386,5397,5416
1,5391,5426,5417
1,5391,5426,5418
1,5392,5426,5419
1,5392,5427,5420
1,5393,5428,5421
1,5393,5428,5422
2,5394,5429,5423
2,5394,5429,5424
1,5428,5429,5425
1,5431,5434,5457
1,5431,5435,5458
1,5431,5436,5459
1,5432,5437,5460
1,5433,5438,5461
1,5433,5438,5462
2,5433,5439,5463
2,5434,5440,5464
2,5434,5441,5465
1,5435,5442,5466
1,5435,5443,5467
1,5436,5444,5468
1,5436,5446,5469
7,5437,5447,5470
1,5437,5448,5471
2,5438,5449,5472
1,5442,5450,5473
1,5442,5451,5474
1,5444,5451,5475
1,5444,5452,5476
1,5445,5452,5477
1,5445,5453,5478
1,5445,5453,5479
1,5450,5453,5480
2,5450,5454,5481
1,5451,5455,5482
1,5452,5456,5483
2,5484,5486,5497
1,5484,5487,5498
2,5484,5488,5499
1,5485,5490,5500
1,5485,5491,5501
1,5485,5491,5505
1,5486,5492,5520
1,5486,5493,5521
1,5487,5494,5522
1,5487,5495,5523
1,5488,5496,5525
1,5488,5496,5529
1,5489,5502,5530
1,5489,5503,5531
1,5489,5504,5532
1,5490,5506,5533
1,5490,5507,5534
1,5491,5508,5535
1,5492,5509,5536
1,5492,5512,5537
1,5492,5514,5538
1,5493,5515,5539
1,5493,5516,5540
1,5493,5517,5541
1,5494,5518,5542
1,5494,5519,5543
1,5494,5524,5544
1,5495,5526,5545
1,5495,5526,5546
1,5496,5527,5547
1,5496,5528,5548
1,5502,5528,5549
1,5502,5563,5550
2,5503,5564,5551
1,5503,5565,5553
1,5510,5565,5554
1,5511,5565,5555
1,5512,5566,5556
1,5512,5566,5557
1,5513,5567,5558
1,5526,5567,5559
1,5528,5568,5560
1,5566,5568,5561
1,5567,5568,5562
1,5586,5590,5570
1,5586,5591,5571
1,5586,5592,5572
1,5587,5593,5573
1,5588,5594,5574
1,5588,5594,5575
1,5588,5595,5576
1,5589,5596,5577
1,5589,5597,5578
2,5589,5597,5579
2,5594,5598,5580
2,5595,5598,5581
2,5595,5598,5582
1,5596,5599,5583
2,5596,5600,5584
2,5597,5601,5585
7,5622,5624,5602
1,5622,5625,5603
1,5622,5626,5604
7,5623,5627,5605
1,5623,5628,5606
7,5624,5629,5607
7,5624,5631,5608
2,5625,5632,5609
1,5625,5633,5610
1,5626,5633,5611
1,5626,5634,5612
1,5630,5634,5613
1,5630,5635,5614
1,5630,5635,5615
1,5633,5636,5616
1,5634,5637,5617
1,5635,5637,5618
2,5636,5638,5619
2,5636,5639,5620
1,5637,5640,5621
1,5656,5659,5642
1,5656,5660,5643
1,5656,5661,5644
1,5657,5662,5645
1,5657,5663,5646
1,5657,5664,5647
1,5658,5664,5648
1,5662,5665,5649
1,5662,5665,5650
1,5663,5666,5651
1,5663,5666,5652
1,5664,5667,5653
1,5665,5668,5654
1,5666,5669,5655
1,5685,5689,5671
1,5685,5690,5672
1,5685,5691,5673
1,5686,5692,5674
2,5687,5693,5675
2,5688,5693,5676
1,5688,5696,5677
1,5688,5697,5678
1,5689,5698,5679
1,5689,5699,5680
1,5690,5700,5681
1,5690,5701,5682
1,5691,5702,5683
1,5691,5703,5684
1,5692,5704,5694
1,5692,5705,5695
2,5693,5705,5711
1,5698,5706,5712
1,5698,5706,5713
1,5701,5707,5714
1,5701,5707,5715
1,5704,5707,5716
2,5704,5708,5717
1,5705,5709,5718
1,5706,5710,5720
1,5723,5726,5721
1,5723,5727,5751
1,5723,5728,5752
1,5724,5729,5753
1,5725,5730,5754
1,5725,5730,5755
1,5725,5731,5756
1,5726,5732,5757
1,5726,5733,5758
1,5727,5734,5759
1,5727,5735,5760
1,5728,5736,5761
1,5728,5738,5762
7,5729,5739,5763
1,5729,5740,5764
1,5730,5741,5765
1,5734,5742,5766
2,5734,5743,5767
1,5735,5744,5768
1,5735,5745,5769
1,5736,5745,5770
1,5736,5746,5771
1,5737,5746,5772
1,5737,5747,5773
1,5737,5747,5774
1,5744,5747,5775
2,5744,5748,5776
1,5745,5749,5777
2,5746,5750,5778
1,5779,5780,5796
7,5779,5781,5797
1,5779,5782,5798
1,5780,5788,5799
1,5780,5788,5800
1,5783,5789,5801
1,5784,5790,5802
2,5785,5791,5803
1,5786,5791,5804
7,5787,5792,5805
1,5788,5792,5806
1,5789,5792,5807
1,5789,5793,5808
1,5790,5793,5809
1,5790,5794,5810
1,5791,5795,5811
1,5793,5795,5812
1,5794,5795,5813
1,5815,5818,5831
1,5816,5821,5832
1,5817,5822,5833
1,5817,5824,5834
1,5817,5825,5835
7,5819,5825,5836
1,5820,5826,5837
1,5820,5827,5838
7,5820,5828,5839
1,5823,5829,5840
1,5823,5830,5841
1,5823,5852,5842
7,5824,5852,5843
7,5824,5852,5844
1,5825,5853,5845
1,5826,5853,5846
1,5826,5853,5847
1,5827,5854,5848
7,5827,5854,5849
1,5853,5854,5850
1,5856,5859,5896
1,5856,5860,5897
1,5856,5861,5898
1,5856,5862,5899
1,5857,5863,5900
1,5857,5864,5901
1,5857,5864,5902
2,5858,5865,5903
1,5858,5866,5904
1,5858,5867,5905
1,5859,5868,5906
1,5859,5868,5907
1,5860,5869,5908
1,5860,5870,5909
1,5861,5871,5910
1,5861,5877,5911
1,5862,5878,5912
1,5862,5879,5913
1,5863,5880,5914
1,5863,5881,5915
1,5864,5882,5916
1,5865,5883,5917
1,5865,5884,5918
1,5866,5885,5919
1,5866,5886,5920
1,5867,5887,5921
1,5867,5888,5922
1,5867,5889,5923
1,5868,5889,5924
1,5869,5890,5925
1,5869,5891,5926
1,5872,5891,5927
1,5873,5891,5928
1,5874,5892,5929
1,5875,5892,5930
1,5876,5892,5931
1,5878,5892,5932
1,5878,5893,5933
1,5884,5893,5934
1,5886,5894,5935
1,5889,5894,5936
1,5891,5895,5937
1,5893,5895,5938
1,5894,5895,5939
1,5969,5972,5940
1,5969,5973,5941
1,5969,5974,5942
1,5970,5975,5943
1,5971,5976,5944
1,5971,5976,5945
1,5971,5977,5946
1,5972,5978,5947
1,5972,5979,5948
1,5973,5980,5949
1,5973,5981,5950
1,5974,5983,5951
1,5974,5984,5952
1,5975,5985,5953
1,5975,5986,5954
1,5976,5987,5955
1,5980,5988,5956
1,5980,5989,5957
1,5982,5990,5958
1,5982,5990,5959
1,5982,5991,5960
1,5982,5991,5961
1,5986,5992,5962
1,5986,5992,5963
1,5989,5992,5964
1,5989,5993,5965
1,5990,5994,5966
1,5991,5995,5967
1,5996,6003,6022
1,5997,6004,6023
1,5998,6005,6024
1,5998,6006,6025
1,5998,6006,6026
1,5999,6007,6027
1,6000,6008,6028
1,6001,6010,6029
1,6002,6011,6030
1,6002,6012,6031
1,6002,6013,6032
1,6005,6014,6033
1,6005,6014,6034
1,6006,6015,6035
1,6007,6016,6036
1,6007,6016,6037
1,6008,6017,6038
1,6008,6017,6039
1,6009,6018,6040
1,6012,6018,6041
1,6013,6019,6042
1,6013,6019,6043
1,6014,6019,6044
1,6016,6021,6045
1,6017,6021,6046
1,6018,6021,6047
1,6081,6085,6048
1,6081,6086,6049
1,6081,6087,6050
1,6083,6088,6051
2,6083,6089,6052
1,6083,6090,6053
1,6084,6091,6054
1,6084,6091,6055
1,6084,6092,6056
1,6085,6093,6057
1,6085,6094,6058
1,6086,6095,6059
1,6086,6096,6060
1,6087,6096,6061
1,6087,6097,6062
1,6090,6098,6063
1,6090,6099,6064
1,6091,6100,6065
1,6092,6101,6066
1,6092,6102,6067
1,6093,6103,6068
2,6093,6104,6069
1,6094,6105,6070
1,6094,6105,6071
1,6095,6106,6072
1,6095,6107,6073
1,6096,6107,6074
1,6100,6107,6075
1,6100,6108,6076
1,6101,6108,6077
1,6101,6109,6078
1,6105,6110,6079
1,6108,6111,6080
1,6112,6114,6133
2,6112,6115,6134
7,6112,6116,6135
1,6113,6117,6136
7,6113,6120,6137
1,6113,6121,6138
1,6114,6122,6139
1,6114,6123,6140
1,6118,6123,6141
1,6118,6124,6142
1,6118,6125,6143
1,6119,6126,6144
1,6119,6126,6145
1,6119,6127,6146
1,6123,6127,6147
1,6125,6128,6148
1,6125,6128,6149
1,6126,6129,6150
1,6127,6130,6151
7,6128,6131,6152
1,6153,6177,6156
1,6154,6178,6157
2,6174,6179,6158
1,6174,6180,6159
1,6174,6182,6160
1,6175,6183,6161
1,6176,6184,6162
1,6176,6184,6163
1,6176,6185,6164
1,6177,6185,6165
1,6177,6186,6166
1,6181,6186,6167
1,6181,6187,6168
1,6181,6187,6169
1,6184,6188,6170
1,6185,6188,6171
1,6186,6188,6172
1,6187,6189,6173
1,6195,6198,6190
1,6195,6199,6191
1,6195,6200,6192
1,6196,6201,6193
1,6197,6202,6221
1,6197,6202,6222
1,6197,6203,6223
1,6198,6204,6224
1,6198,6205,6225
1,6199,6206,6226
1,6199,6207,6227
1,6200,6208,6228
1,6200,6210,6229
1,6201,6211,6230
1,6201,6212,6231
1,6202,6213,6232
1,6206,6214,6233
1,6206,6215,6234
1,6208,6215,6235
1,6208,6216,6236
1,6209,6216,6237
1,6209,6217,6238
1,6209,6217,6239
1,6214,6217,6240
1,6214,6218,6241
1,6215,6219,6242
1,6216,6220,6243
1,6245,6247,6244
1,6245,6248,6254
1,6245,6249,6255
1,6246,6250,6256
2,6246,6251,6257
2,6246,6253,6258
1,6247,6260,6259
1,6247,6260,6280
1,6248,6261,6281
1,6248,6262,6282
1,6249,6263,6283
1,6249,6264,6284
1,6252,6265,6285
1,6252,6266,6286
1,6252,6266,6287
1,6253,6267,6288
1,6253,6268,6289
1,6260,6269,6290
1,6262,6270,6291
2,6262,6271,6292
1,6264,6272,6293
1,6264,6272,6294
1,6265,6273,6295
1,6265,6273,6296
1,6266,6274,6297
1,6269,6274,6298
1,6269,6276,6299
1,6272,6276,6300
1,6273,6277,6301
2,6274,6278,6302
1,6276,6279,6303
1,6318,6322,6304
1,6318,6323,6305
1,6318,6324,6306
1,6319,6325,6307
1,6320,6326,6308
1,6321,6326,6309
1,6321,6329,6310
1,6321,6330,6311
1,6322,6331,6312
1,6322,6332,6313
1,6323,6333,6314
1,6323,6334,6315
2,6324,6335,6316
1,6324,6336,6317
1,6325,6337,6327
1,6325,6338,6328
1,6326,6338,6344
1,6331,6339,6345
1,6331,6339,6346
1,6334,6340,6347
1,6334,6340,6348
1,6337,6340,6349
1,6337,6341,6350
1,6338,6342,6351
1,6339,6343,6353
1,6361,6363,6354
1,6361,6364,6355
1,6361,6365,6356
1,6362,6366,6357
1,6362,6367,6358
1,6362,6367,6359
2,6363,6368,6360
2,6363,6369,6391
2,6364,6370,6392
2,6364,6371,6393
1,6365,6372,6394
1,6365,6373,6395
1,6366,6375,6396
1,6366,6376,6397
2,6367,6377,6398
1,6371,6378,6399
1,6371,6379,6400
1,6372,6380,6401
1,6372,6381,6403
1,6373,6382,6404
1,6373,6383,6405
1,6374,6384,6406
1,6374,6385,6407
1,6374,6385,6408
1,6375,6386,6409
1,6375,6387,6410
1,6383,6387,6411
1,6383,6387,6412
1,6385,6388,6413
1,6386,6389,6414
1,6386,6390,6415
7,6416,6420,6431
1,6416,6421,6432
1,6416,6422,6433
1,6417,6422,6434
1,6417,6423,6435
1,6417,6424,6436
1,6418,6424,6437
7,6419,6425,6438
1,6422,6425,6439
1,6423,6426,6440
1,6423,6426,6441
1,6424,6427,6442
7,6425,6428,6443
1,6426,6429,6444
1,6446,6449,6480
1,6446,6450,6481
1,6446,6451,6482
1,6447,6451,6483
1,6447,6452,6484
1,6447,6453,6485
1,6448,6454,6486
1,6448,6455,6487
1,6448,6455,6488
1,6449,6456,6489
1,6449,6457,6490
2,6450,6458,6491
2,6450,6458,6492
2,6451,6459,6493
1,6452,6465,6494
1,6452,6466,6495
2,6453,6467,6496
1,6453,6468,6497
1,6454,6468,6498
1,6454,6469,6499
1,6455,6470,6500
1,6456,6471,6501
1,6456,6472,6502
1,6457,6473,6503
1,6457,6474,6504
1,6458,6474,6505
2,6460,6475,6506
1,6461,6475,6507
1,6462,6476,6508
1,6463,6476,6509
1,6464,6476,6510
1,6468,6477,6511
2,6471,6477,6512
2,6471,6478,6513
1,6474,6478,6514
1,6475,6479,6515
1,6477,6479,6516
1,6478,6479,6517
1,6520,6522,6518
1,6520,6523,6519
1,6520,6525,6547
1,6521,6526,6548
1,6521,6527,6549
1,6521,6531,6550
1,6522,6531,6551
1,6522,6533,6552
2,6523,6534,6553
1,6523,6535,6554
1,6524,6536,6555
7,6524,6538,6556
1,6524,6539,6557
1,6524,6539,6558
1,6525,6540,6559
1,6525,6540,6560
1,6528,6541,6561
1,6529,6541,6562
1,6530,6542,6563
1,6531,6542,6564
1,6532,6542,6565
1,6537,6543,6566
1,6537,6543,6567
1,6539,6544,6568
1,6540,6544,6569
1,6541,6545,6570
1,6543,6545,6571
1,6544,6545,6572
1,6600,6603,6573
1,6600,6604,6574
1,6600,6605,6575
1,6601,6606,6576
1,6601,6607,6577
1,6601,6607,6578
2,6603,6608,6579
2,6603,6609,6580
2,6604,6610,6581
1,6604,6611,6582
1,6605,6612,6583
2,6605,6613,6584
1,6606,6614,6585
2,6606,6615,6586
1,6607,6616,6587
1,6611,6617,6588
1,6611,6618,6589
1,6611,6619,6590
1,6612,6619,6591
1,6612,6620,6592
1,6616,6620,6593
1,6616,6621,6594
1,6619,6622,6595
1,6620,6622,6596
1,6621,6623,6597
1,6621,6624,6598
1,6622,6625,6599
1,6626,6650,6629
1,6627,6652,6630
2,6628,6653,6631
1,6650,6654,6632
1,6650,6655,6633
1,6651,6656,6634
1,6651,6657,6635
1,6652,6659,6636
1,6652,6660,6637
2,6653,6661,6638
2,6653,6661,6639
1,6654,6662,6640
1,6654,6662,6641
1,6658,6663,6642
1,6658,6663,6643
1,6658,6664,6644
1,6661,6664,6645
1,6662,6665,6646
1,6663,6665,6647
1,6664,6665,6648
1,6667,6670,6693
1,6667,6671,6694
1,6667,6672,6695
1,6668,6673,6696
1,6669,6674,6697
1,6669,6675,6698
1,6669,6676,6699
1,6670,6677,6700
1,6670,6678,6701
1,6671,6679,6702
1,6671,6679,6703
1,6672,6680,6704
1,6672,6681,6705
1,6675,6682,6706
1,6675,6683,6707
1,6676,6684,6708
1,6676,6685,6709
1,6677,6686,6710
1,6677,6687,6711
1,6678,6687,6712
1,6678,6688,6713
1,6679,6688,6714
1,6683,6689,6715
1,6683,6689,6716
1,6686,6689,6717
1,6686,6690,6718
1,6687,6691,6719
1,6688,6692,6720
1,6721,6722,6728
1,6721,6723,6729
1,6721,6724,6730
2,6722,6727,6731
1,6722,6732,6746
1,6723,6733,6747
1,6723,6734,6752
2,6724,6735,6753
1,6724,6736,6754
1,6725,6736,6755
2,6726,6737,6756
1,6732,6738,6757
1,6732,6741,6758
1,6732,6742,6759
1,6733,6744,6760
1,6733,6745,6761
1,6733,6745,6762
1,6736,6745,6763
1,6739,6749,6764
1,6739,6749,6765
1,6739,6749,6766
1,6740,6750,6767
1,6740,6750,6768
1,6740,6751,6769
2,6748,6751,6770
2,6750,6751,6771
1,6803,6805,6772
1,6803,6806,6773
1,6803,6807,6774
1,6804,6809,6775
1,6804,6810,6776
1,6804,6810,6777
1,6805,6811,6778
1,6805,6812,6779
1,6806,6813,6780
1,6806,6814,6781
1,6807,6815,6782
1,6807,6815,6783
1,6808,6816,6784
1,6808,6817,6785
1,6808,6818,6786
2,6809,6819,6787
1,6809,6820,6788
1,6810,6824,6789
1,6811,6825,6790
1,6811,6826,6791
1,6811,6827,6792
1,6812,6828,6793
2,6812,6829,6794
2,6812,6830,6795
1,6813,6831,6796
1,6813,6832,6797
1,6813,6833,6798
1,6814,6834,6799
1,6814,6835,6800
1,6815,6835,6801
1,6815,6836,6841
1,6816,6836,6842
1,6816,6837,6843
1,6821,6837,6844
1,6822,6837,6845
1,6823,6838,6846
1,6825,6838,6847
1,6825,6839,6848
1,6835,6839,6849
1,6836,6840,6850
1,6838,6840,6851
1,6839,6840,6852
1,6878,6880,6853
1,6878,6881,6854
1,6878,6884,6855
1,6879,6885,6856
1,6879,6886,6857
1,6879,6889,6858
1,6880,6889,6859
2,6880,6892,6860
2,6881,6893,6861
1,6881,6894,6862
1,6882,6894,6863
1,6882,6895,6864
1,6883,6895,6865
1,6883,6896,6866
1,6883,6896,6867
2,6887,6897,6868
1,6888,6897,6869
1,6889,6897,6870
1,6890,6898,6871
1,6891,6898,6872
1,6894,6899,6873
1,6895,6899,6874
1,6896,6900,6875
1,6898,6900,6876
1,6899,6900,6877
1,6929,6932,6902
1,6929,6933,6903
1,6929,6934,6904
7,6930,6935,6905
1,6931,6936,6906
1,6931,6936,6907
1,6931,6937,6908
1,6932,6938,6909
1,6932,6939,6910
1,6933,6940,6911
1,6933,6941,6912
7,6934,6942,6913
1,6934,6943,6914
1,6935,6944,6915
1,6935,6945,6916
1,6936,6946,6917
1,6940,6946,6918
1,6940,6947,6919
1,6941,6947,6920
7,6942,6948,6921
1,6943,6949,6922
1,6943,6949,6923
1,6946,6949,6924
1,6947,6950,6925
2,6948,6951,6926
2,6948,6952,6927
1,6973,6975,6954
1,6973,6976,6955
1,6973,6977,6956
1,6974,6978,6957
2,6974,6979,6958
2,6974,6981,6959
1,6975,6982,6960
1,6975,6983,6961
1,6976,6984,6962
1,6976,6984,6963
1,6980,6985,6964
1,6980,6985,6965
1,6980,6986,6966
2,6983,6987,6967
2,6983,6987,6968
1,6984,6987,6969
1,6985,6988,6970
1,6986,6989,6971
1,6986,6990,6972
7,6999,7001,6991
1,6999,7007,6992
1,6999,7008,6993
1,7000,7009,6994
2,7000,7010,6995
1,7000,7011,6996
2,7000,7011,6997
1,7001,7012,6998
1,7003,7014,7002
1,7003,7015,7022
1,7003,7016,7023
1,7003,7016,7024
1,7004,7017,7025
1,7005,7017,7026
7,7006,7018,7027
1,7011,7019,7028
1,7015,7020,7029
1,7016,7021,7030
1,7017,7021,7031
1,7018,7021,7032
1,7018,7021,7033
1,7038,7040,7034
1,7038,7041,7035
1,7038,7042,7036
1,7039,7044,7066
1,7039,7044,7067
1,7039,7045,7068
1,7040,7046,7069
1,7040,7047,7070
1,7041,7048,7071
1,7041,7048,7072
1,7043,7049,7073
1,7043,7050,7074
1,7043,7051,7075
1,7044,7052,7076
1,7045,7053,7077
1,7045,7055,7078
1,7046,7056,7079
1,7046,7057,7080
1,7047,7058,7081
1,7047,7059,7082
1,7048,7060,7083
1,7049,7060,7084
1,7049,7061,7085
1,7054,7061,7086
1,7054,7062,7087
1,7054,7062,7088
1,7059,7063,7089
1,7059,7064,7090
1,7060,7065,7091
1,7061,7065,7092
1,7062,7065,7093
1,7121,7124,7094
1,7121,7125,7095
1,7121,7126,7096
1,7122,7127,7097
1,7123,7128,7098
1,7123,7128,7099
1,7123,7129,7100
2,7124,7130,7101
2,7124,7131,7102
1,7125,7132,7103
1,7125,7133,7104
1,7126,7134,7105
1,7126,7135,7106
2,7127,7136,7107
1,7127,7137,7108
1,7128,7138,7109
1,7132,7138,7110
1,7132,7139,7111
1,7133,7139,7112
1,7134,7140,7113
1,7135,7141,7114
1,7135,7141,7115
1,7138,7141,7116
2,7139,7142,7117
1,7140,7143,7118
1,7140,7144,7119
1,7178,7180,7145
2,7178,7181,7146
2,7178,7182,7147
1,7179,7183,7148
1,7179,7184,7149
1,7179,7185,7150
1,7180,7186,7151
1,7180,7187,7152
1,7181,7188,7153
2,7181,7189,7154
1,7182,7190,7155
1,7182,7191,7156
1,7185,7191,7157
1,7185,7192,7158
1,7186,7194,7159
1,7186,7195,7160
2,7187,7196,7161
1,7187,7197,7162
1,7188,7198,7163
1,7188,7198,7164
2,7189,7199,7165
1,7189,7200,7166
1,7190,7201,7167
1,7190,7201,7168
1,7191,7202,7169
1,7195,7203,7170
1,7195,7204,7171
1,7196,7205,7172
1,7196,7206,7173
1,7197,7207,7174
1,7197,7207,7175
1,7198,7208,7176
1,7201,7208,7177
1,7204,7209,7213
1,7204,7209,7214
1,7207,7210,7215
1,7208,7211,7216
2,7209,7212,7217
1,7237,7241,7219
1,7237,7242,7220
1,7237,7243,7221
7,7238,7244,7222
1,7238,7245,7223
1,7238,7246,7224
1,7239,7247,7225
1,7239,7247,7226
1,7239,7248,7227
1,7240,7249,7228
1,7240,7249,7229
1,7240,7250,7230
1,7247,7250,7231
2,7248,7251,7232
2,7248,7251,7233
1,7249,7252,7234
1,7250,7253,7235
2,7251,7254,7236
1,7255,7259,7273
1,7255,7260,7274
2,7255,7261,7275
2,7256,7262,7276
1,7256,7263,7277
1,7256,7264,7278
1,7257,7265,7279
1,7257,7265,7280
1,7257,7266,7281
1,7258,7267,7282
1,7258,7267,7283
2,7258,7268,7284
2,7265,7268,7285
1,7266,7269,7286
1,7266,7269,7287
1,7267,7270,7288
2,7268,7271,7289
1,7269,7272,7290
1,7293,7295,7323
1,7293,7296,7324
1,7293,7297,7325
1,7294,7298,7326
1,7294,7299,7327
1,7294,7299,7328
1,7295,7300,7329
1,7295,7301,7330
1,7296,7302,7331
1,7296,7303,7332
1,7297,7304,7333
1,7297,7305,7334
1,7298,7308,7335
1,7298,7309,7336
1,7299,7310,7337
1,7303,7311,7338
1,7303,7312,7339
1,7304,7313,7340
1,7304,7314,7341
1,7305,7315,7342
1,7305,7315,7343
1,7306,7316,7344
1,7306,7317,7345
1,7306,7317,7346
1,7307,7318,7347
1,7307,7318,7348
1,7307,7319,7349
1,7315,7319,7350
1,7317,7320,7351
1,7318,7321,7352
1,7319,7322,7353
1,7354,7356,7375
1,7354,7364,7376
1,7354,7365,7377
1,7355,7366,7378
1,7357,7369,7379
2,7358,7370,7380
1,7359,7371,7381
1,7360,7371,7382
1,7361,7372,7383
1,7362,7372,7384
1,7362,7373,7385
1,7363,7373,7386
1,7363,7374,7387
1,7365,7411,7388
1,7365,7411,7389
1,7367,7411,7390
1,7368,7412,7391
1,7369,7412,7392
1,7369,7413,7393
2,7370,7414,7394
2,7370,7414,7395
2,7371,7414,7396
1,7372,7415,7397
1,7373,7415,7398
2,7374,7415,7399
2,7374,7415,7400
1,7412,7416,7401
1,7413,7417,7402
1,7413,7417,7403
2,7414,7418,7404
2,7416,7418,7405
2,7416,7418,7406
1,7417,7419,7407
1,7419,7420,7408
1,7419,7421,7409
2,7423,7426,7457
1,7423,7427,7458
2,7423,7428,7459
1,7424,7428,7460
1,7424,7429,7461
1,7424,7430,7462
1,7425,7431,7463
1,7425,7432,7464
1,7425,7432,7465
1,7426,7433,7466
1,7426,7434,7467
1,7427,7435,7468
1,7427,7435,7469
2,7428,7436,7470
1,7429,7442,7471
1,7429,7443,7472
1,7430,7444,7473
1,7430,7445,7474
1,7431,7445,7475
1,7431,7446,7476
1,7432,7447,7477
1,7433,7448,7478
1,7433,7449,7479
1,7434,7450,7480
1,7434,7451,7481
1,7435,7451,7482
1,7437,7452,7483
1,7438,7452,7484
1,7439,7453,7485
1,7440,7453,7486
1,7441,7453,7487
1,7445,7454,7488
1,7448,7454,7489
1,7448,7455,7490
1,7451,7455,7491
1,7452,7456,7492
1,7454,7456,7493
1,7455,7456,7494
2,7496,7499,7516
1,7496,7500,7517
2,7496,7501,7518
1,7497,7505,7519
1,7497,7506,7520
1,7497,7507,7521
1,7497,7507,7522
1,7498,7508,7523
1,7498,7509,7524
1,7498,7510,7525
1,7502,7511,7526
1,7503,7511,7527
1,7504,7512,7528
1,7507,7512,7529
1,7509,7512,7530
1,7509,7513,7531
1,7510,7513,7532
7,7510,7514,7533
1,7511,7515,7534
1,7513,7515,7535
1,7514,7515,7536
2,7563,7566,7537
1,7563,7567,7538
1,7563,7569,7539
2,7565,7570,7540
1,7565,7571,7541
2,7565,7572,7542
2,7566,7573,7543
1,7566,7575,7544
1,7567,7575,7545
1,7567,7580,7546
1,7568,7581,7547
1,7568,7581,7548
1,7568,7582,7549
2,7570,7582,7550
2,7570,7583,7551
2,7574,7583,7552
1,7575,7584,7553
1,7576,7584,7554
1,7577,7584,7555
2,7578,7585,7556
1,7579,7585,7557
7,7581,7586,7558
2,7582,7586,7559
2,7583,7587,7560
1,7585,7587,7561
2,7586,7587,7562
1,7615,7617,7588
1,7615,7618,7589
1,7615,7621,7590
1,7616,7622,7591
1,7616,7623,7592
1,7616,7626,7593
1,7617,7626,7594
1,7617,7629,7595
1,7618,7630,7596
1,7618,7631,7597
1,7619,7632,7598
2,7619,7633,7599
1,7619,7633,7600
1,7619,7634,7601
2,7620,7634,7602
1,7621,7635,7603
1,7621,7635,7604
2,7624,7636,7605
1,7625,7636,7606
1,7626,7636,7607
2,7627,7637,7608
1,7628,7637,7609
2,7633,7638,7610
1,7634,7638,7611
1,7635,7639,7612
1,7637,7639,7613
1,7638,7639,7614
1,7641,7648,7667
1,7642,7649,7668
1,7643,7650,7669
2,7643,7651,7670
2,7643,7651,7671
2,7644,7652,7672
1,7645,7653,7673
1,7646,7655,7674
2,7647,7656,7675
1,7647,7657,7676
1,7647,7658,7677
1,7650,7659,7678
1,7650,7659,7679
2,7651,7660,7680
1,7652,7661,7681
1,7652,7661,7682
1,7653,7662,7683
1,7653,7662,7684
1,7654,7663,7685
1,7657,7663,7686
1,7658,7664,7687
1,7658,7664,7688
1,7659,7664,7689
1,7661,7666,7690
1,7662,7666,7691
1,7663,7666,7692
1,7722,7725,7693
2,7722,7726,7694
2,7722,7727,7695
1,7723,7728,7696
1,7724,7729,7697
1,7724,7729,7698
1,7724,7730,7699
1,7725,7731,7700
1,7725,7732,7701
1,7726,7733,7702
1,7726,7734,7703
1,7727,7736,7704
7,7727,7737,7705
1,7728,7738,7706
1,7728,7739,7707
1,7729,7740,7708
1,7733,7741,7709
1,7733,7742,7710
1,7735,7743,7711
1,7735,7743,7712
1,7735,7744,7713
1,7735,7744,7714
1,7739,7745,7715
1,7739,7745,7716
1,7742,7745,7717
1,7742,7746,7718
1,7743,7747,7719
1,7744,7748,7720
1,7778,7781,7749
1,7778,7782,7750
1,7778,7783,7751
1,7779,7784,7752
1,7780,7785,7753
1,7780,7786,7754
1,7780,7787,7755
2,7781,7787,7756
2,7781,7788,7757
1,7782,7789,7758
1,7782,7790,7759
1,7783,7791,7760
1,7783,7792,7761
1,7784,7793,7762
1,7784,7794,7763
1,7785,7795,7764
1,7785,7796,7765
1,7786,7797,7766
1,7786,7797,7767
1,7787,7798,7768
2,7789,7798,7769
1,7789,7799,7770
1,7794,7800,7771
1,7794,7800,7772
1,7797,7800,7773
2,7798,7801,7774
1,7799,7802,7775
2,7799,7803,7776
2,7819,7821,7804
1,7819,7822,7805
1,7819,7823,7806
1,7820,7825,7807
1,7820,7826,7808
1,7820,7826,7809
1,7821,7829,7810
1,7821,7830,7811
1,7822,7830,7812
1,7822,7831,7813
1,7823,7832,7814
1,7823,7833,7815
1,7824,7838,7816
1,7824,7839,7817
2,7824,7840,7818
1,7825,7841,7852
1,7825,7842,7853
1,7826,7843,7854
1,7827,7844,7855
1,7828,7845,7856
1,7830,7845,7857
1,7834,7846,7858
1,7835,7846,7859
1,7836,7847,7860
2,7837,7847,7861
2,7838,7847,7862
2,7838,7848,7863
1,7839,7848,7864
1,7839,7848,7865
1,7841,7849,7866
1,7841,7849,7867
1,7845,7849,7868
1,7846,7850,7869
1,7848,7850,7870
1,7849,7850,7871
1,7874,7876,7872
1,7874,7877,7873
1,7874,7879,7901
2,7875,7880,7902
2,7875,7881,7903
1,7875,7885,7904
1,7876,7885,7905
1,7876,7887,7906
1,7877,7888,7907
1,7877,7889,7908
1,7878,7890,7909
2,7878,7892,7910
1,7878,7893,7911
1,7878,7893,7912
1,7879,7894,7913
1,7879,7894,7914
1,7882,7895,7915
1,7883,7895,7916
1,7884,7896,7917
1,7885,7896,7918
1,7886,7896,7919
1,7891,7897,7920
1,7891,7897,7921
1,7893,7898,7922
1,7894,7898,7923
1,7895,7899,7924
1,7897,7899,7925
1,7898,7899,7926
1,7927,7932,7943
2,7927,7933,7944
1,7927,7934,7945
1,7928,7935,7946
1,7929,7936,7947
1,7930,7937,7948
1,7930,7938,7949
1,7930,7939,7950
1,7931,7940,7951
1,7931,7941,7952
2,7931,7942,7953
1,7936,7973,7954
1,7936,7973,7955
1,7937,7973,7956
1,7937,7975,7957
1,7938,7976,7958
1,7938,7976,7959
1,7939,7977,7960
1,7939,7978,7961
1,7974,7979,7962
1,7974,7979,7963
1,7974,7979,7964
2,7975,7980,7965
2,7975,7981,7966
1,7976,7982,7967
1,7977,7983,7968
1,7977,7983,7969
1,7978,7983,7970
1,7978,7983,7971
1,8001,8004,7985
1,8001,8005,7986
2,8001,8007,7987
1,8002,8008,7988
1,8003,8009,7989
2,8003,8010,7990
1,8003,8011,7991
1,8006,8011,7992
1,8006,8012,7993
1,8006,8012,7994
1,8009,8013,7995
1,8009,8013,7996
2,8010,8013,7997
2,8010,8014,7998
2,8011,8015,7999
1,8012,8016,8000
1,8035,8037,8017
2,8035,8038,8018
2,8035,8039,8019
7,8036,8044,8020
7,8036,8044,8022
1,8036,8045,8023
1,8040,8046,8024
1,8041,8047,8025
1,8042,8047,8026
1,8043,8048,8027
1,8044,8048,8028
1,8045,8048,8029
1,8045,8049,8030
2,8046,8049,8031
1,8046,8050,8032
1,8047,8051,8033
1,8049,8051,8034
7,8050,8051,8052
1,8063,8066,8053
1,8063,8066,8054
1,8063,8067,8055
1,8064,8068,8056
2,8064,8069,8057
1,8064,8071,8058
1,8065,8074,8059
1,8065,8074,8060
1,8065,8078,8061
1,8066,8079,8062
1,8067,8080,8077
1,8067,8080,8086
1,8070,8081,8087
1,8072,8081,8088
2,8073,8082,8089
1,8074,8082,8090
1,8075,8082,8091
1,8076,8083,8092
1,8079,8083,8094
1,8079,8084,8095
1,8080,8084,8096
1,8081,8085,8097
1,8083,8085,8098
1,8084,8085,8099
2,8100,8109,8115
1,8101,8110,8116
1,8102,8111,8117
1,8103,8111,8118
1,8104,8112,8119
1,8105,8112,8120
1,8106,8113,8121
1,8107,8113,8122
1,8108,8114,8123
1,8108,8138,8124
1,8108,8143,8125
1,8109,8143,8126
1,8109,8147,8127
1,8110,8147,8128
1,8110,8147,8129
1,8111,8148,8130
1,8112,8148,8131
1,8113,8149,8132
2,8114,8149,8133
1,8114,8150,8134
1,8138,8150,8135
1,8138,8151,8136
7,8139,8151,8137
1,8141,8152,8140
1,8143,8152,8142
1,8145,8153,8144
2,8148,8153,8146
2,8149,8153,8156
1,8150,8155,8157
1,8151,8155,8158
1,8152,8155,8159
1,8160,8162,8189
1,8160,8163,8190
1,8160,8164,8191
1,8161,8164,8192
1,8161,8165,8193
1,8161,8166,8194
1,8162,8166,8195
1,8162,8167,8196
1,8163,8168,8197
1,8163,8169,8198
1,8164,8170,8199
1,8165,8171,8200
1,8165,8174,8201
2,8166,8175,8202
1,8171,8176,8203
1,8171,8177,8204
1,8172,8178,8205
1,8172,8179,8206
1,8172,8180,8207
1,8173,8181,8208
1,8173,8182,8209
1,8173,8182,8210
1,8174,8183,8211
1,8174,8183,8212
1,8181,8184,8213
1,8181,8184,8214
1,8182,8185,8215
1,8183,8186,8216
2,8184,8187,8217
1,8220,8224,8218
1,8220,8226,8219
1,8220,8227,8252
1,8221,8228,8253
1,8221,8229,8254
1,8221,8230,8256
1,8222,8231,8257
1,8223,8231,8258
1,8225,8232,8259
1,8225,8233,8260
1,8225,8235,8261
1,8226,8236,8262
1,8226,8237,8263
1,8227,8237,8264
1,8227,8238,8265
1,8228,8239,8266
1,8228,8240,8267
1,8231,8241,8268
1,8234,8242,8269
1,8234,8242,8270
1,8234,8244,8271
1,8235,8245,8272
1,8235,8246,8273
1,8236,8247,8274
1,8236,8247,8275
1,8237,8248,8276
1,8242,8248,8277
1,8243,8248,8278
1,8243,8249,8279
1,8243,8249,8280
1,8246,8250,8281
1,8246,8250,8282
1,8247,8251,8283
1,8249,8251,8284
1,8250,8251,8285
1,8316,8319,8287
1,8316,8320,8288
1,8316,8321,8289
1,8317,8322,8290
1,8318,8323,8291
1,8318,8323,8292
1,8318,8324,8293
1,8319,8325,8294
1,8319,8326,8295
1,8320,8327,8296
1,8320,8328,8297
1,8321,8329,8298
1,8321,8331,8299
1,8322,8332,8300
1,8322,8333,8301
2,8323,8334,8302
1,8327,8335,8303
1,8327,8336,8304
1,8328,8337,8305
1,8328,8338,8306
1,8329,8338,8307
1,8329,8339,8308
1,8330,8339,8309
2,8330,8340,8310
1,8330,8340,8311
1,8337,8340,8312
1,8337,8341,8313
1,8338,8342,8314
2,8339,8343,8315
1,8344,8381,8346
1,8379,8382,8347
1,8379,8383,8348
1,8379,8384,8349
1,8380,8386,8350
1,8380,8386,8351
1,8380,8387,8352
1,8381,8388,8353
1,8381,8389,8354
2,8382,8390,8355
1,8382,8391,8356
1,8383,8391,8357
1,8383,8392,8358
1,8385,8393,8359
2,8385,8394,8360
1,8385,8395,8361
2,8386,8396,8362
2,8387,8397,8363
1,8387,8398,8364
1,8388,8399,8365
1,8388,8400,8366
1,8389,8401,8367
1,8389,8401,8368
1,8390,8402,8369
1,8390,8403,8370
1,8391,8403,8371
1,8396,8404,8372
1,8396,8404,8373
1,8397,8405,8374
1,8397,8405,8375
1,8401,8405,8376
1,8403,8406,8377
1,8404,8407,8378
1,8409,8412,8408
1,8409,8413,8410
2,8409,8414,8427
1,8411,8415,8431
2,8411,8416,8432
1,8411,8417,8433
7,8411,8418,8434
1,8412,8419,8435
1,8412,8420,8436
1,8413,8421,8437
1,8413,8422,8438
1,8413,8423,8439
1,8419,8423,8440
1,8419,8424,8441
1,8420,8424,8442
1,8420,8425,8443
1,8423,8426,8444
1,8424,8426,8445
1,8425,8428,8446
1,8425,8429,8447
1,8426,8430,8448
1,8472,8474,8450
1,8472,8475,8451
1,8472,8477,8452
1,8473,8478,8453
1,8473,8479,8454
1,8473,8481,8455
1,8474,8482,8456
1,8474,8483,8457
1,8475,8484,8458
1,8475,8485,8459
1,8476,8486,8460
1,8476,8487,8461
1,8476,8488,8462
1,8476,8492,8463
1,8477,8493,8464
1,8477,8494,8465
1,8480,8494,8466
1,8480,8495,8467
1,8480,8495,8468
1,8483,8496,8469
1,8483,8496,8470
1,8484,8497,8471
1,8484,8497,8502
2,8489,8497,8503
1,8490,8498,8504
1,8491,8498,8505
1,8494,8499,8506
1,8495,8499,8507
1,8496,8500,8508
1,8498,8500,8509
1,8499,8500,8510
1,8511,8517,8525
1,8512,8518,8526
1,8513,8519,8527
1,8514,8520,8528
1,8514,8521,8529
1,8514,8521,8530
1,8515,8522,8531
1,8516,8523,8532
1,8517,8523,8533
1,8517,8523,8534
1,8518,8547,8535
1,8518,8547,8536
1,8519,8548,8537
1,8519,8548,8538
1,8520,8548,8539
1,8520,8548,8540
1,8521,8549,8541
2,8522,8550,8542
1,8522,8551,8543
1,8547,8552,8544
2,8549,8553,8545
2,8549,8554,8546
1,8585,8587,8555
1,8585,8588,8556
1,8585,8589,8557
1,8586,8590,8558
1,8586,8591,8559
1,8586,8592,8560
1,8587,8593,8561
1,8587,8594,8562
1,8588,8595,8563
1,8588,8596,8565
1,8589,8597,8566
1,8589,8598,8567
1,8592,8599,8568
1,8592,8600,8569
1,8593,8600,8570
1,8593,8601,8571
1,8594,8602,8572
1,8594,8603,8573
1,8596,8604,8574
1,8596,8605,8575
1,8598,8606,8576
1,8598,8607,8577
1,8599,8607,8578
1,8599,8608,8579
1,8600,8608,8580
1,8602,8609,8581
1,8603,8609,8582
1,8603,8610,8583
1,8607,8610,8584
1,8608,8611,8614
1,8609,8612,8615
1,8610,8613,8616
1,8618,8620,8648
1,8618,8621,8649
1,8618,8622,8650
1,8619,8623,8651
1,8619,8624,8652
1,8619,8624,8653
2,8620,8625,8654
1,8620,8626,8655
1,8621,8627,8656
1,8621,8628,8657
1,8622,8629,8658
1,8622,8630,8659
1,8623,8633,8660
1,8623,8634,8661
1,8624,8635,8662
1,8628,8636,8663
1,8628,8637,8664
2,8629,8638,8665
2,8629,8639,8666
1,8630,8640,8667
1,8630,8640,8668
1,8631,8641,8669
1,8631,8642,8670
1,8631,8642,8671
1,8632,8643,8672
1,8632,8643,8673
1,8632,8644,8674
1,8640,8644,8675
1,8642,8645,8676
1,8643,8646,8677
1,8644,8647,8678
1,8679,8681,8697
1,8680,8682,8699
1,8680,8684,8700
1,8680,8685,8701
1,8683,8686,8702
1,8683,8689,8703
1,8683,8691,8704
1,8684,8691,8705
1,8684,8692,8706
1,8685,8692,8707
1,8685,8694,8708
1,8686,8695,8709
1,8686,8695,8710
1,8687,8696,8711
1,8688,8698,8712
1,8690,8723,8713
1,8690,8723,8714
7,8690,8724,8715
1,8691,8725,8716
1,8692,8725,8717
1,8693,8725,8719
1,8695,8726,8720
1,8695,8726,8721
1,8723,8726,8722
1,8727,8733,8741
1,8728,8734,8742
1,8729,8735,8743
1,8730,8736,8744
1,8730,8737,8745
1,8730,8737,8746
1,8731,8738,8747
1,8732,8739,8748
1,8733,8739,8749
1,8733,8739,8750
1,8734,8763,8751
1,8734,8763,8752
1,8735,8764,8753
1,8735,8764,8754
1,8736,8764,8755
1,8736,8764,8756
1,8737,8765,8757
1,8738,8766,8758
2,8738,8767,8759
2,8763,8768,8760
1,8765,8769,8761
1,8765,8770,8762
1,8798,8800,8771
1,8798,8801,8772
2,8798,8804,8773
2,8799,8805,8774
2,8799,8806,8775
1,8799,8809,8776
1,8800,8809,8777
2,8800,8812,8778
1,8801,8813,8779
1,8801,8814,8780
1,8802,8815,8781
1,8802,8815,8782
1,8802,8816,8783
1,8803,8816,8784
1,8803,8817,8785
1,8803,8817,8786
1,8807,8818,8787
1,8808,8818,8788
1,8809,8818,8789
2,8810,8819,8790
2,8811,8819,8791
1,8815,8820,8792
1,8816,8820,8793
1,8817,8821,8794
1,8819,8821,8795
1,8820,8821,8796
1,8822,8823,8845
1,8822,8824,8846
1,8822,8825,8847
1,8823,8827,8848
1,8823,8828,8849
1,8824,8830,8850
2,8824,8831,8851
1,8825,8833,8852
2,8825,8834,8853
1,8826,8835,8854
1,8829,8836,8855
1,8829,8837,8856
1,8829,8838,8857
1,8831,8839,8858
1,8831,8840,8859
1,8832,8841,8860
1,8832,8842,8861
2,8832,8843,8862
1,8837,8872,8863
1,8837,8872,8864
1,8838,8872,8865
1,8838,8873,8866
1,8839,8874,8867
1,8839,8874,8868
1,8840,8875,8869
1,8840,8875,8870
1,8874,8875,8871
1,8877,8879,8907
1,8877,8880,8908
1,8877,8881,8909
1,8878,8882,8910
1,8878,8883,8911
1,8878,8883,8912
1,8879,8884,8913
1,8879,8885,8914
1,8880,8886,8915
1,8880,8887,8916
1,8881,8888,8917
1,8881,8889,8918
1,8882,8892,8919
1,8882,8893,8920
1,8883,8894,8921
1,8887,8895,8922
1,8887,8896,8923
2,8888,8897,8924
2,8888,8898,8925
1,8889,8899,8926
1,8889,8899,8927
2,8890,8900,8928
2,8890,8901,8929
1,8890,8901,8930
1,8891,8902,8931
1,8891,8902,8932
1,8891,8903,8933
1,8899,8903,8934
1,8901,8904,8935
1,8902,8905,8936
1,8903,8906,8937
1,8945,8947,8938
7,8945,8948,8939
1,8945,8951,8940
2,8946,8952,8941
1,8946,8953,8942
1,8946,8953,8943
1,8949,8954,8944
1,8949,8955,8962
1,8949,8955,8963
1,8950,8956,8964
1,8953,8956,8965
2,8954,8957,8966
2,8954,8957,8967
1,8955,8958,8968
1,8956,8959,8969
1,8957,8960,8970
1,8979,8984,8971
1,8979,8986,8972
1,8979,8987,8973
1,8980,8992,8974
1,8980,8993,8975
1,8980,8994,8976
1,8980,8994,8977
2,8981,8995,8978
1,8981,8997,8982
1,8981,8998,8983
2,8989,8999,8985
1,8990,8999,8988
2,8991,9000,9004
1,8994,9000,9005
2,8996,9000,9006
1,8997,9001,9007
1,8997,9001,9008
1,8998,9002,9009
1,8998,9002,9010
1,8999,9003,9011
1,9001,9003,9012
1,9002,9003,9013
1,9030,9032,9015
1,9030,9033,9016
2,9030,9036,9017
1,9031,9036,9018
1,9031,9037,9019
1,9031,9037,9020
1,9034,9038,9021
2,9035,9039,9022
2,9036,9039,9023
1,9037,9040,9024
1,9038,9040,9025
1,9038,9041,9026
1,9039,9042,9027
1,9040,9043,9028
1,9045,9048,9065
1,9045,9049,9066
1,9045,9050,9067
2,9046,9054,9068
2,9046,9055,9069
1,9046,9056,9070
1,9046,9056,9071
2,9047,9057,9072
1,9047,9058,9073
1,9047,9059,9074
1,9051,9060,9075
1,9052,9060,9076
1,9053,9061,9077
1,9056,9061,9078
1,9058,9061,9079
1,9058,9062,9080
1,9059,9062,9081
1,9059,9063,9082
1,9060,9064,9083
1,9062,9064,9084
1,9063,9064,9085
1,9106,9109,9087
1,9106,9110,9088
1,9106,9111,9089
1,9107,9112,9090
1,9108,9113,9091
2,9108,9115,9092
1,9108,9116,9093
2,9109,9117,9094
2,9109,9117,9095
1,9109,9118,9096
1,9114,9119,9097
1,9114,9120,9098
1,9114,9120,9099
2,9117,9121,9100
1,9118,9121,9101
1,9118,9121,9102
1,9119,9122,9103
1,9119,9123,9104
1,9120,9124,9105
1,9141,9145,9125
2,9141,9146,9126
2,9141,9147,9127
2,9142,9148,9128
1,9143,9149,9129
1,9143,9149,9130
1,9143,9150,9131
1,9144,9151,9132
1,9144,9151,9133
1,9144,9152,9134
1,9149,9152,9135
1,9150,9153,9136
1,9150,9153,9137
1,9151,9154,9138
1,9152,9155,9139
7,9153,9156,9140
1,9176,9179,9158
1,9176,9180,9159
1,9176,9181,9160
1,9177,9182,9161
1,9178,9183,9162
2,9178,9184,9163
2,9178,9185,9164
1,9179,9186,9165
1,9179,9187,9166
1,9181,9188,9167
1,9183,9189,9168
1,9183,9189,9169
1,9184,9190,9170
1,9184,9191,9171
1,9185,9192,9172
2,9185,9193,9173
1,9186,9194,9174
1,9186,9195,9175
1,9187,9196,9208
1,9187,9197,9209
1,9188,9198,9210
1,9188,9199,9211
2,9189,9200,9212
1,9194,9201,9213
1,9194,9202,9214
1,9197,9202,9215
1,9197,9203,9216
1,9198,9203,9217
1,9198,9203,9218
1,9201,9204,9219
7,9201,9205,9220
1,9202,9206,9221
1,9222,9223,9230
1,9222,9224,9231
1,9222,9225,9232
2,9223,9227,9233
1,9223,9228,9234
2,9224,9247,9235
1,9224,9248,9236
2,9225,9249,9237
1,9225,9250,9238
1,9226,9251,9239
1,9247,9252,9240
1,9247,9253,9241
1,9248,9254,9242
1,9250,9255,9243
1,9250,9256,9244
2,9251,9256,9245
2,9251,9256,9246
1,9285,9288,9257
1,9285,9289,9258
1,9285,9290,9259
1,9286,9291,9260
1,9287,9292,9261
1,9287,9292,9262
7,9287,9293,9263
1,9288,9294,9264
1,9288,9295,9265
1,9289,9296,9266
2,9289,9297,9267
1,9290,9298,9268
2,9290,9300,9269
1,9291,9301,9270
2,9291,9302,9271
1,9292,9303,9272
1,9296,9304,9273
1,9296,9305,9274
1,9298,9305,9275
1,9298,9306,9276
1,9299,9306,9277
1,9299,9307,9278
1,9299,9307,9279
1,9304,9307,9280
1,9304,9308,9281
1,9305,9309,9282
1,9306,9310,9283
1,9330,9333,9311
2,9330,9334,9312
1,9330,9335,9313
2,9331,9336,9314
2,9332,9338,9315
1,9332,9339,9316
1,9333,9340,9317
1,9333,9341,9318
1,9333,9342,9319
1,9337,9342,9320
1,9337,9343,9321
1,9337,9343,9322
1,9340,9344,9323
1,9340,9344,9324
1,9341,9344,9325
1,9341,9345,9326
1,9342,9346,9327
1,9343,9347,9328
1,9348,9350,9368
1,9348,9351,9369
1,9348,9352,9370
1,9349,9353,9371
1,9349,9354,9372
1,9349,9355,9373
1,9349,9357,9374
1,9350,9358,9375
1,9350,9359,9376
1,9353,9360,9377
1,9353,9360,9378
1,9356,9361,9379
1,9356,9361,9380
1,9356,9362,9381
1,9359,9363,9382
1,9359,9363,9383
1,9360,9363,9384
1,9361,9364,9385
1,9362,9365,9386
1,9362,9366,9387
1,9388,9389,9405
7,9388,9390,9406
1,9388,9391,9407
1,9389,9397,9408
1,9389,9397,9409
1,9392,9398,9410
1,9393,9399,9411
1,9394,9400,9412
7,9395,9400,9413
1,9396,9401,9414
1,9397,9401,9415
1,9398,9401,9416
1,9398,9402,9417
1,9399,9402,9418
1,9399,9403,9419
1,9400,9404,9420
1,9402,9404,9421
1,9403,9404,9422
1,9453,9456,9424
1,9453,9457,9425
1,9453,9458,9426
2,9454,9459,9427
1,9455,9460,9428
1,9455,9461,9429
1,9455,9462,9430
1,9456,9462,9431
1,9456,9463,9432
1,9457,9464,9433
1,9457,9465,9434
1,9458,9466,9435
1,9458,9467,9436
1,9459,9468,9437
2,9459,9469,9438
2,9460,9470,9439
1,9460,9471,9440
1,9461,9472,9441
1,9461,9472,9442
1,9462,9473,9443
1,9464,9473,9444
1,9464,9474,9445
1,9469,9475,9446
1,9469,9475,9447
1,9472,9475,9448
1,9473,9476,9449
1,9474,9477,9450
1,9474,9478,9451
1,9479,9481,9501
1,9479,9482,9502
2,9479,9483,9503
1,9480,9484,9504
1,9480,9485,9505
1,9480,9486,9506
2,9481,9487,9507
2,9481,9488,9508
1,9482,9490,9509
1,9482,9490,9510
1,9485,9491,9511
1,9485,9492,9512
1,9485,9493,9513
1,9489,9493,9514
2,9489,9494,9515
2,9489,9494,9516
1,9490,9495,9517
2,9493,9496,9518
2,9494,9496,9519
1,9495,9497,9520
1,9495,9498,9521
1,9496,9499,9522
2,9523,9528,9539
2,9523,9529,9540
1,9523,9530,9541
2,9524,9531,9542
1,9525,9532,9543
1,9526,9533,9544
1,9526,9534,9545
1,9526,9535,9546
1,9527,9536,9547
2,9527,9537,9548
1,9527,9538,9549
1,9532,9569,9550
1,9532,9569,9551
2,9533,9569,9552
1,9533,9571,9553
1,9534,9572,9554
1,9534,9572,9555
1,9535,9573,9556
1,9535,9574,9557
1,9570,9575,9558
1,9570,9575,9559
1,9570,9575,9560
2,9571,9576,9561
1,9571,9577,9562
1,9572,9578,9563
1,9573,9579,9564
1,9573,9579,9565
1,9574,9579,9566
1,9574,9579,9567
1,9587,9589,9580
1,9587,9590,9581
1,9587,9591,9582
2,9588,9599,9583
2,9588,9600,9584
1,9588,9603,9585
1,9589,9603,9586
1,9589,9604,9592
1,9590,9605,9593
1,9590,9606,9594
1,9591,9607,9595
1,9591,9608,9596
1,9601,9608,9597
1,9601,9609,9598
1,9601,9610,9602
1,9603,9611,9623
1,9604,9612,9624
2,9604,9613,9625
1,9605,9614,9626
2,9605,9615,9627
1,9606,9616,9628
1,9606,9616,9629
1,9607,9617,9630
1,9607,9617,9631
1,9608,9618,9632
1,9612,9618,9633
1,9612,9619,9634
1,9616,9619,9635
2,9617,9620,9636
1,9618,9621,9637
1,9619,9622,9639
2,9643,9645,9640
1,9643,9646,9641
1,9643,9647,9642
1,9644,9648,9671
1,9644,9649,9672
1,9644,9649,9673
1,9645,9650,9674
1,9645,9651,9675
1,9646,9652,9676
1,9646,9653,9677
1,9647,9654,9678
1,9647,9655,9680
1,9648,9656,9681
1,9648,9657,9682
1,9649,9658,9683
1,9653,9659,9684
1,9653,9660,9685
1,9653,9661,9686
2,9654,9662,9687
1,9654,9663,9688
1,9657,9664,9689
1,9657,9664,9690
1,9657,9665,9691
1,9661,9665,9692
1,9661,9666,9693
2,9664,9667,9694
2,9665,9667,9695
2,9666,9668,9696
1,9666,9669,9697
1,9667,9670,9698
1,9699,9701,9719
2,9699,9702,9720
1,9699,9703,9721
1,9700,9704,9722
1,9700,9705,9723
2,9700,9706,9724
1,9700,9708,9725
2,9701,9709,9726
1,9701,9710,9727
1,9704,9711,9728
1,9704,9711,9729
1,9707,9712,9730
1,9707,9712,9731
1,9707,9713,9732
1,9710,9714,9733
1,9710,9714,9734
1,9711,9714,9735
1,9712,9715,9736
1,9713,9716,9737
1,9713,9717,9738
1,9739,9741,9769
1,9739,9742,9770
1,9739,9744,9771
1,9740,9745,9772
1,9740,9746,9773
2,9740,9747,9774
1,9741,9748,9775
1,9741,9749,9776
2,9742,9750,9777
2,9742,9751,9778
1,9743,9752,9779
1,9745,9753,9780
1,9745,9753,9781
1,9746,9754,9782
2,9746,9755,9783
1,9747,9756,9784
1,9747,9757,9785
1,9750,9758,9786
1,9750,9759,9787
1,9751,9760,9788
1,9751,9761,9789
1,9752,9762,9790
1,9752,9763,9791
1,9753,9763,9792
1,9756,9764,9793
1,9756,9764,9794
1,9757,9765,9795
1,9757,9765,9796
1,9761,9766,9797
1,9761,9767,9798
1,9763,9768,9799
1,9764,9768,9800
1,9765,9768,9801
1,9804,9807,9803
2,9804,9808,9805
1,9804,9809,9822
1,9806,9810,9826
1,9806,9811,9827
1,9806,9812,9828
1,9806,9813,9829
1,9807,9814,9830
1,9807,9815,9831
2,9808,9816,9832
2,9808,9817,9833
1,9808,9818,9834
1,9814,9818,9835
1,9814,9819,9836
1,9815,9819,9837
1,9815,9820,9838
1,9818,9821,9839
1,9819,9821,9840
2,9820,9823,9841
2,9820,9824,9842
1,9821,9825,9843
1,9845,9846,9868
1,9845,9847,9869
1,9845,9848,9870
1,9846,9850,9871
1,9846,9851,9872
1,9847,9853,9873
1,9847,9854,9874
1,9848,9856,9875
1,9848,9857,9876
2,9849,9858,9877
2,9852,9859,9878
1,9852,9860,9879
1,9852,9861,9880
1,9854,9862,9881
1,9854,9863,9882
1,9855,9864,9883
2,9855,9865,9884
1,9855,9866,9885
1,9860,9895,9886
1,9860,9895,9887
1,9861,9895,9888
1,9861,9896,9889
1,9862,9897,9890
1,9862,9897,9891
1,9863,9898,9892
1,9863,9898,9893
1,9897,9898,9894
7,9918,9920,9899
1,9918,9921,9900
1,9918,9922,9901
1,9919,9923,9902
1,9919,9924,9903
1,9919,9925,9904
1,9920,9926,9905
1,9920,9928,9906
1,9921,9929,9907
2,9921,9930,9908
1,9922,9931,9909
1,9922,9932,9910
1,9926,9933,9911
1,9926,9933,9912
1,9927,9934,9913
1,9927,9934,9914
1,9927,9935,9915
1,9929,9935,9916
1,9929,9936,9917
1,9933,9936,9941
1,9934,9937,9942
1,9935,9938,9943
1,9936,9939,9944
