element,type,charge,molecule_id,atom_id
c,22,-0.111,48,14
c,22,-0.134,48,15
c,22,-0.12,48,16
c,22,-0.093,48,17
h,3,0.145,48,18
o,52,-0.076,48,19
h,3,0.058,48,20
h,3,0.138,48,21
c,28,0.059,48,22
o,40,-0.398,48,25
h,3,0.136,48,26
c,29,0.016,48,27
h,3,0.146,48,28
h,3,0.073,48,29
c,22,-0.111,48,30
c,26,0.818,48,31
c,22,0.112,48,32
n,38,-0.085,48,33
c,22,-0.126,48,34
h,3,0.282,48,35
h,3,0.132,48,36
c,22,-0.403,48,37
c,28,0.132,48,38
o,40,-0.392,48,39
h,3,0.138,76,50
c,22,-0.111,76,51
c,22,-0.111,76,52
c,92,-0.083,76,53
c,22,0.062,76,54
h,3,0.059,76,55
h,3,0.14,76,56
n,38,0.152,76,57
h,3,-0.122,76,58
c,22,-0.118,76,59
c,27,-0.084,76,60
h,3,0.138,76,61
h,3,-0.12,76,62
h,3,0.139,76,63
h,3,0.142,76,64
h,3,0.061,76,65
c,22,-0.133,76,66
o,40,0.412,76,67
c,27,-0.085,76,68
c,22,-0.097,76,69
c,22,-0.113,76,70
n,38,-0.39,76,71
c,22,-0.118,76,72
o,40,-0.108,76,73
c,28,-0.088,76,74
c,22,0.118,76,75
h,3,0.129,76,109
c,22,0.811,76,110
h,3,-0.12,76,111
c,10,0.34,76,112
c,22,0.015,113,129
c,22,-0.142,113,130
h,3,0.143,113,131
c,22,0.138,113,132
o,40,0.005,113,133
h,1,0.198,113,134
c,22,-0.106,113,135
c,22,-0.135,113,141
o,40,-0.382,113,142
h,3,0.073,113,143
c,22,-0.121,113,144
h,3,0.142,113,145
c,26,-0.398,113,146
c,22,-0.119,113,147
c,22,-0.114,113,148
h,3,0.019,113,149
c,28,-0.167,113,150
c,22,-0.122,113,151
c,28,0.008,113,152
h,1,0.288,113,153
n,38,-0.085,113,154
c,22,-0.148,113,155
h,3,0.054,113,156
c,22,0.138,113,157
c,22,0.816,113,158
c,22,-0.116,113,159
h,3,0.058,176,197
c,22,-0.148,176,198
c,26,0.123,176,199
n,38,-0.085,176,200
h,1,-0.131,176,201
h,3,0.152,176,202
h,3,0.136,176,203
c,22,-0.097,176,204
c,22,-0.118,176,205
h,3,0.054,176,206
h,3,0.134,176,207
c,10,-0.403,176,208
c,28,-0.418,176,209
c,22,-0.144,176,210
c,22,-0.116,176,211
n,32,-0.412,176,212
h,3,0.134,176,213
c,10,-0.083,176,214
h,3,0.155,176,215
o,40,0.031,176,216
h,3,0.147,176,217
o,40,-0.39,176,218
c,10,0.118,176,219
c,27,0.009,176,220
h,3,0.146,176,221
c,22,0.138,176,222
c,27,0.009,176,223
c,22,-0.107,176,224
c,26,0.007,176,225
o,40,-0.384,229,230
c,29,0.132,229,231
h,3,0.134,229,232
c,40,-0.137,229,233
c,22,-0.115,229,234
o,40,0.015,229,235
o,40,-0.381,229,236
c,22,-0.114,229,237
h,3,0.132,229,238
o,40,-0.384,229,239
c,27,-0.079,229,240
c,28,0.147,229,241
c,195,-0.084,229,242
h,3,0.152,229,243
o,40,-0.11,229,244
c,22,-0.112,229,245
c,10,-0.394,229,246
h,3,0.134,229,247
c,22,-0.112,229,248
h,3,0.136,229,249
c,22,-0.118,229,250
h,3,0.145,229,251
c,22,-0.115,229,252
c,27,-0.085,229,253
c,22,-0.118,336,280
h,3,0.132,336,281
c,22,-0.126,336,283
h,3,-0.124,336,284
h,3,0.141,336,286
c,22,-0.128,336,291
h,3,0.132,336,292
n,38,0.806,336,307
h,3,0.801,336,311
c,22,-0.123,336,312
c,22,-0.133,336,313
c,22,0.816,336,314
o,40,-0.392,336,315
c,22,-0.116,336,316
h,3,-0.12,336,317
h,3,0.148,336,318
o,40,-0.394,336,319
c,22,-0.13,336,320
c,16,-0.191,336,321
c,26,0.011,336,322
c,22,-0.111,336,323
h,3,0.176,336,324
h,3,0.148,336,325
c,22,-0.124,336,326
h,3,0.144,336,327
h,3,0.13,336,330
c,22,-0.128,336,333
c,22,-0.114,336,335
c,22,-0.118,367,339
c,22,-0.116,367,340
h,3,0.017,367,341
c,22,-0.112,367,342
h,3,0.147,367,343
c,10,-0.379,367,344
h,3,0.148,367,345
c,22,-0.142,367,346
h,3,0.139,367,347
o,40,-0.382,367,348
c,41,-0.084,367,349
n,38,0.056,367,350
c,22,-0.119,367,351
h,3,0.801,367,352
c,22,0.15,367,353
c,22,-0.148,367,354
c,93,-0.084,367,355
c,10,-0.091,367,356
c,22,-0.124,367,357
o,40,-0.112,367,358
c,14,-0.119,367,359
h,1,0.142,367,360
c,22,-0.133,367,361
h,3,0.143,367,362
c,22,-0.079,367,363
n,38,0.808,367,364
c,22,-0.116,367,365
c,21,-0.107,367,366
o,40,-0.092,399,418
c,34,-0.15,399,419
c,22,0.153,399,420
c,22,-0.115,399,421
h,3,0.139,399,422
c,22,-0.109,399,423
c,21,-0.115,399,424
o,35,-0.369,399,425
h,3,0.163,399,426
c,10,-0.091,399,427
c,22,-0.115,399,428
c,22,-0.118,399,429
c,10,0.018,399,430
h,3,0.132,399,431
c,22,-0.119,399,432
c,22,-0.115,399,433
h,3,0.137,399,434
o,40,-0.382,399,435
c,22,-0.109,464,465
c,10,-0.394,464,466
h,3,0.143,464,467
o,40,-0.413,464,468
h,3,0.145,464,469
o,40,-0.378,464,470
h,3,0.134,464,471
c,22,-0.118,464,472
c,22,-0.113,464,473
c,28,0.188,464,474
o,40,-0.384,464,475
c,22,0.133,464,476
h,3,0.153,464,477
n,32,-0.11,464,478
o,40,-0.391,464,479
c,26,-0.388,464,480
c,22,-0.118,464,481
c,29,0.017,464,482
c,28,0.008,464,483
c,22,-0.148,464,484
o,40,-0.382,464,485
c,22,-0.089,464,486
h,3,0.073,464,487
c,22,-0.118,464,488
c,27,-0.379,464,489
h,3,0.145,464,490
c,22,-0.116,491,492
h,3,0.138,491,493
h,3,0.129,491,494
c,22,-0.115,491,495
c,26,-0.107,491,496
c,22,-0.118,491,497
n,38,-0.085,491,498
h,3,0.141,491,499
c,22,-0.122,491,500
c,22,0.015,491,501
o,40,-0.384,491,502
c,22,-0.118,491,503
c,27,0.8,491,504
c,22,-0.113,491,505
o,40,-0.39,491,506
c,22,0.202,491,507
o,40,-0.391,491,508
h,3,0.108,491,509
h,3,0.132,491,510
c,29,0.002,491,511
h,3,0.109,491,512
c,22,-0.111,491,513
o,40,-0.377,491,514
o,40,-0.384,491,515
o,40,0.816,491,516
c,22,-0.115,491,517
o,40,-0.382,491,518
n,38,0.818,491,519
c,22,0.188,560,581
o,40,-0.386,560,582
c,22,-0.084,560,583
c,22,-0.109,560,584
h,3,0.145,560,585
c,22,-0.118,560,586
c,29,0.008,560,587
o,40,-0.395,560,588
h,3,0.132,560,589
h,3,0.153,560,590
c,22,-0.118,560,591
h,3,0.152,560,592
c,22,-0.125,560,593
o,40,-0.393,560,594
h,3,-0.125,560,595
o,40,-0.376,560,596
c,27,-0.088,560,597
h,3,0.147,560,598
h,3,0.139,560,599
o,40,-0.113,560,600
h,3,0.146,560,601
c,29,0.132,560,602
o,50,0.011,560,603
h,3,0.132,560,604
c,22,0.332,560,605
c,22,-0.116,560,606
c,22,-0.114,560,607
c,29,-0.084,560,608
c,22,0.182,560,609
c,22,-0.126,641,613
c,22,-0.123,641,614
c,22,-0.118,641,615
c,27,-0.393,641,616
h,3,0.138,641,617
n,34,-0.081,641,618
c,22,0.002,641,619
c,29,0.008,641,620
o,40,-0.148,641,621
c,22,-0.119,641,622
h,3,0.142,641,623
c,29,-0.093,641,624
o,40,-0.083,641,642
h,3,0.155,641,643
h,3,0.047,641,644
c,27,0.006,641,645
o,40,0.787,672,646
o,40,-0.412,672,647
c,29,-0.108,672,648
c,22,-0.121,672,649
o,40,-0.382,672,650
h,3,0.059,672,651
n,195,-0.412,672,652
c,22,-0.125,672,653
h,3,0.146,672,654
c,22,-0.074,672,655
o,40,-0.392,672,656
c,22,0.282,672,657
h,3,0.132,672,658
h,3,0.058,672,659
h,3,0.129,672,660
n,38,-0.389,672,661
h,3,0.132,672,662
c,22,-0.111,672,663
h,3,0.061,672,664
c,22,0.332,672,665
c,22,-0.368,672,666
h,3,0.147,672,667
c,29,-0.097,672,668
o,40,0.008,672,669
c,22,0.138,672,670
h,3,0.126,672,671
o,40,-0.382,672,705
c,27,-0.393,672,706
n,38,-0.085,672,707
c,22,-0.122,672,708
c,22,-0.122,709,726
h,3,-0.113,709,727
h,3,0.145,709,728
h,3,0.134,709,729
c,27,0.009,709,730
c,22,-0.113,709,731
h,3,0.14,709,732
c,22,-0.122,709,733
c,22,0.182,709,734
c,22,-0.119,709,735
o,40,-0.393,709,736
o,40,-0.395,709,737
c,22,-0.105,709,738
h,3,0.062,709,739
c,22,-0.124,709,740
h,3,0.123,709,741
h,3,0.142,796,742
h,3,0.811,796,743
c,28,-0.167,796,744
o,40,-0.39,796,745
c,29,0.008,796,746
h,3,0.138,796,747
n,38,-0.368,796,748
h,3,0.059,796,749
h,3,0.138,796,750
c,27,-0.079,796,751
h,3,0.163,796,752
o,40,-0.392,796,753
h,3,0.142,796,754
h,3,0.142,796,755
c,22,0.816,796,756
o,40,-0.384,796,780
o,40,-0.382,796,781
c,22,-0.123,796,783
c,22,-0.118,796,785
c,22,-0.114,796,787
c,27,0.005,796,789
o,40,0.811,796,790
c,22,0.816,796,791
c,22,0.282,796,792
h,3,0.108,796,793
c,22,-0.122,796,794
c,22,0.102,796,795
h,3,0.801,796,797
h,3,0.059,855,829
c,22,-0.116,855,830
c,22,-0.109,855,831
h,3,0.13,855,832
h,3,0.132,855,833
c,22,-0.119,855,834
h,3,0.163,855,835
n,38,-0.085,855,836
h,3,0.058,855,837
c,22,-0.125,855,838
c,22,-0.114,855,839
c,22,-0.127,855,840
c,27,-0.076,855,841
c,22,0.816,855,842
o,40,-0.383,855,843
h,3,-0.132,855,844
c,22,-0.126,855,845
c,27,-0.343,855,846
c,22,-0.121,855,847
h,3,0.062,855,848
c,22,-0.111,855,849
c,22,-0.122,855,850
c,22,-0.142,855,851
o,40,0.016,855,852
c,27,0.163,855,853
c,22,-0.118,855,854
c,22,-0.133,865,886
h,3,0.176,865,887
h,3,0.163,865,888
h,3,0.108,865,889
h,3,0.138,865,890
c,27,0.009,865,891
c,22,-0.118,865,892
h,1,-0.113,865,893
c,22,0.138,865,894
c,22,-0.093,865,895
o,40,-0.379,865,896
c,22,-0.125,865,897
c,22,-0.118,865,898
h,3,0.142,865,899
c,22,-0.111,865,900
n,32,-0.383,865,901
c,22,-0.111,865,902
c,22,-0.148,865,903
h,3,0.145,865,904
h,3,0.163,865,905
c,22,-0.119,865,906
c,27,0.141,865,907
h,3,0.007,865,908
c,29,-0.113,865,909
c,22,-0.122,865,910
c,22,-0.124,865,911
c,22,-0.113,865,912
o,40,0.03,865,913
h,3,0.146,865,914
c,27,-0.388,969,940
c,22,0.134,969,941
h,3,0.141,969,942
c,27,-0.385,969,943
h,3,0.057,969,944
h,3,0.132,969,945
h,3,0.123,969,946
c,22,-0.114,969,947
c,22,-0.106,969,948
c,22,-0.388,969,949
c,22,-0.118,969,950
h,3,0.118,969,951
c,22,-0.119,969,952
h,3,0.141,969,953
h,3,0.147,969,954
h,3,0.145,969,955
h,3,0.066,969,956
c,22,-0.118,969,957
c,22,-0.119,969,958
h,3,0.132,969,959
c,22,-0.122,969,960
o,40,-0.398,969,961
o,40,-0.393,969,962
h,3,0.058,969,963
c,22,-0.074,969,964
c,29,-0.083,969,965
n,38,0.047,969,966
o,40,-0.383,969,967
c,22,-0.118,969,968
h,3,0.148,993,979
c,22,-0.118,993,980
c,22,-0.115,993,981
c,22,0.012,993,982
c,27,0.009,993,983
c,29,0.004,993,984
c,27,0.021,993,985
h,3,0.126,993,986
c,22,-0.142,993,987
h,3,0.142,993,988
c,26,0.123,993,989
c,28,0.012,993,990
o,40,-0.391,993,991
h,3,0.132,993,992
h,3,0.142,993,1026
o,40,-0.076,993,1027
c,22,-0.134,993,1028
o,40,-0.404,993,1029
c,22,-0.113,993,1030
o,40,0.016,993,1031
h,3,0.149,993,1032
o,40,-0.382,993,1033
c,22,-0.118,993,1034
n,32,0.015,993,1035
h,3,0.142,993,1036
h,3,0.152,993,1037
c,14,-0.083,993,1038
h,1,0.127,993,1039
o,40,-0.377,993,1040
c,22,-0.113,1056,1041
c,22,-0.115,1056,1042
c,22,0.816,1056,1043
o,40,-0.392,1056,1044
h,3,0.118,1056,1045
c,22,-0.116,1056,1046
c,22,-0.118,1056,1047
h,3,-0.12,1056,1048
o,40,-0.388,1056,1049
c,22,-0.105,1056,1050
h,3,-0.106,1056,1051
c,27,-0.167,1056,1052
c,22,0.118,1056,1053
c,22,-0.126,1056,1054
c,22,0.118,1056,1055
c,27,0.132,1056,1087
h,3,0.138,1056,1088
c,22,-0.111,1056,1089
o,40,-0.377,1056,1090
c,22,-0.116,1056,1091
c,22,-0.128,1056,1092
c,29,0.055,1056,1093
h,3,0.188,1056,1094
c,22,-0.118,1056,1095
h,3,0.149,1056,1096
c,22,-0.121,1056,1097
h,3,0.152,1056,1098
n,32,0.814,1056,1099
o,40,-0.107,1127,1128
c,29,0.008,1127,1129
c,29,0.002,1127,1130
c,22,-0.125,1127,1131
h,3,0.108,1127,1132
c,22,-0.115,1127,1133
c,29,0.006,1127,1134
h,3,0.147,1127,1135
h,3,0.15,1127,1136
c,27,0.012,1127,1137
h,3,0.061,1127,1138
c,22,-0.111,1127,1139
c,10,-0.091,1127,1140
h,3,0.152,1127,1141
c,16,-0.388,1127,1142
c,22,-0.115,1127,1143
h,3,0.149,1127,1144
h,3,0.152,1127,1145
c,22,0.138,1127,1146
c,22,-0.124,1127,1147
c,22,0.123,1127,1148
c,22,-0.121,1127,1149
c,22,-0.119,1127,1150
n,38,0.812,1127,1151
c,27,0.021,1127,1152
c,22,0.055,1127,1153
h,3,0.135,1154,1162
c,195,-0.112,1154,1163
h,3,0.058,1154,1164
h,3,0.149,1154,1165
c,21,-0.08,1154,1166
h,3,0.127,1154,1167
n,38,0.817,1154,1168
h,3,0.145,1154,1169
c,22,-0.089,1154,1170
o,40,-0.377,1154,1171
c,22,-0.109,1154,1172
c,22,-0.148,1154,1173
c,22,0.188,1154,1174
c,27,0.007,1154,1182
o,40,-0.391,1154,1183
c,22,0.807,1154,1184
h,3,0.163,1154,1187
c,22,-0.126,1154,1188
c,22,0.015,1154,1189
o,40,-0.392,1154,1190
h,3,0.148,1154,1191
h,1,0.126,1154,1192
c,22,-0.118,1154,1193
n,38,-0.124,1154,1194
c,22,-0.148,1154,1195
c,27,-0.084,1154,1196
h,3,0.282,1250,1210
c,22,-0.142,1250,1212
c,10,0.011,1250,1213
c,27,0.006,1250,1214
c,22,-0.109,1250,1215
h,3,0.163,1250,1216
h,3,0.147,1250,1217
o,40,-0.386,1250,1218
o,40,-0.135,1250,1219
c,22,-0.133,1250,1220
c,22,-0.118,1250,1221
c,22,-0.114,1250,1222
h,3,0.154,1250,1223
h,3,0.145,1250,1224
c,22,-0.118,1250,1225
c,22,-0.128,1250,1226
h,3,0.152,1250,1227
o,40,-0.379,1250,1229
h,3,0.145,1250,1230
o,40,-0.386,1250,1231
c,21,0.015,1268,1264
h,3,0.154,1268,1265
c,93,0.055,1268,1266
c,22,-0.08,1268,1267
c,27,0.005,1268,1269
o,40,-0.398,1268,1270
c,22,-0.121,1268,1271
h,8,0.005,1268,1272
h,3,-0.12,1268,1273
c,22,0.138,1268,1274
h,3,0.058,1268,1275
h,3,-0.125,1268,1276
c,26,0.188,1268,1277
n,34,0.577,1268,1278
n,38,0.815,1268,1279
h,3,0.145,1268,1280
h,3,0.059,1268,1281
h,3,0.142,1268,1282
o,40,0.011,1268,1283
h,3,-0.12,1268,1284
h,3,0.153,1268,1285
c,22,0.096,1268,1286
c,28,0.008,1268,1287
c,22,-0.118,1268,1288
c,27,0.009,1268,1289
h,3,0.139,1268,1290
o,40,-0.092,1268,1291
h,3,0.145,1268,1292
o,40,0.144,1268,1293
c,22,0.817,1268,1294
c,22,-0.127,1315,1316
h,3,0.154,1315,1317
c,22,-0.115,1315,1318
c,22,0.012,1315,1319
o,40,0.807,1315,1320
h,3,-0.124,1315,1321
h,3,0.152,1315,1322
h,3,0.132,1315,1323
n,38,0.814,1315,1324
h,3,0.12,1315,1325
h,3,0.132,1315,1326
c,22,-0.118,1315,1327
h,3,0.142,1315,1328
c,22,-0.08,1315,1329
h,3,-0.124,1315,1330
o,40,-0.391,1315,1331
c,27,-0.119,1315,1332
n,38,-0.124,1315,1333
n,38,-0.085,1315,1334
h,3,0.134,1315,1335
h,3,0.142,1315,1336
o,40,0.787,1315,1337
c,27,0.118,1315,1338
c,22,-0.079,1315,1339
o,40,-0.393,1315,1340
h,3,0.142,1315,1341
c,16,0.144,1315,1342
c,22,-0.123,1315,1343
c,22,-0.115,1315,1344
o,40,-0.392,1315,1345
c,16,-0.396,1315,1346
n,38,0.126,1315,1347
h,3,0.176,1315,1348
o,40,-0.384,1315,1349
o,40,-0.386,1315,1350
c,22,0.012,1315,1351
c,29,0.005,1315,1352
c,22,-0.118,1315,1353
c,22,-0.111,1315,1354
c,27,0.016,1315,1355
c,29,0.016,1441,1401
o,40,-0.081,1441,1403
c,22,-0.115,1441,1404
c,22,-0.105,1441,1405
c,22,0.138,1441,1406
c,22,-0.114,1441,1407
c,22,-0.133,1441,1408
c,29,-0.137,1441,1409
c,27,0.011,1441,1410
h,3,0.047,1441,1411
c,29,0.055,1441,1412
o,40,-0.386,1441,1413
c,22,-0.118,1441,1414
o,40,-0.384,1441,1415
c,22,0.012,1441,1416
c,27,-0.378,1441,1417
c,29,-0.142,1441,1418
h,3,0.019,1441,1420
c,22,-0.118,1441,1421
c,22,-0.124,1441,1422
h,1,-0.074,1443,1442
c,22,-0.115,1443,1471
c,22,0.823,1443,1472
c,22,-0.114,1443,1473
c,22,-0.13,1443,1474
h,3,0.146,1443,1475
c,10,0.055,1443,1476
c,29,0.132,1443,1477
o,10,-0.393,1443,1478
h,3,0.154,1443,1479
c,22,-0.113,1443,1480
c,27,0.007,1443,1481
c,27,0.009,1443,1482
c,10,0.012,1443,1483
h,1,0.822,1443,1484
h,3,0.061,1443,1485
c,27,0.163,1443,1486
c,27,0.008,1443,1487
c,22,-0.094,1443,1488
n,38,-0.085,1443,1489
n,38,-0.085,1443,1490
h,3,0.134,1443,1491
n,38,0.816,1443,1492
c,27,0.015,1443,1493
o,40,-0.395,1443,1494
c,22,-0.118,1443,1495
c,27,0.018,1515,1496
h,3,0.142,1515,1497
c,28,-0.388,1515,1498
h,3,0.132,1515,1499
c,22,0.112,1515,1500
c,22,-0.122,1515,1501
h,3,0.132,1515,1502
h,3,0.056,1515,1503
c,27,0.015,1515,1504
h,3,-0.106,1515,1505
h,3,0.132,1515,1506
c,22,0.01,1515,1507
c,22,-0.123,1515,1508
c,22,-0.114,1515,1509
c,22,0.019,1515,1510
h,3,0.059,1515,1511
h,3,0.062,1515,1512
c,22,-0.111,1515,1513
h,3,0.062,1515,1514
h,3,0.132,1562,1563
o,40,-0.404,1562,1564
c,22,-0.125,1562,1565
c,27,-0.089,1562,1566
o,40,-0.393,1562,1567
c,22,0.202,1562,1568
c,27,0.012,1562,1569
h,3,0.145,1562,1570
c,22,-0.118,1562,1571
c,22,-0.118,1562,1572
c,22,-0.114,1562,1573
h,3,0.059,1562,1574
h,3,0.146,1562,1575
c,22,-0.115,1562,1576
h,3,0.108,1562,1577
c,22,-0.116,1562,1578
c,22,0.012,1562,1579
c,10,-0.091,1562,1580
c,22,-0.123,1562,1581
n,38,-0.085,1562,1582
c,22,0.005,1562,1583
h,3,0.146,1562,1584
c,22,0.182,1562,1585
c,22,-0.112,1562,1586
h,3,0.069,1562,1587
h,3,0.118,1562,1588
h,3,0.158,1639,1590
o,40,-0.111,1639,1591
h,3,-0.124,1639,1592
c,22,-0.107,1639,1593
c,27,-0.115,1639,1594
c,22,-0.111,1639,1595
c,22,0.015,1639,1596
o,40,-0.391,1639,1597
c,22,-0.118,1639,1598
n,32,-0.393,1639,1599
o,40,-0.384,1639,1600
h,3,0.145,1639,1601
h,3,0.152,1639,1602
c,22,-0.118,1639,1603
h,3,0.152,1639,1604
c,22,-0.122,1639,1605
h,3,0.145,1639,1640
c,22,-0.121,1639,1641
c,28,-0.129,1639,1642
o,40,-0.413,1639,1643
h,3,0.141,1639,1644
o,40,-0.384,1639,1645
h,3,-0.106,1639,1646
c,29,-0.091,1639,1647
o,40,-0.386,1639,1648
h,3,0.132,1639,1649
c,22,-0.122,1639,1650
c,29,0.008,1639,1651
c,22,-0.121,1639,1652
c,27,0.818,1639,1653
o,40,-0.389,1681,1682
h,3,0.149,1681,1683
c,22,-0.115,1681,1684
c,22,-0.118,1681,1685
c,22,-0.126,1681,1686
h,3,0.152,1681,1687
c,22,-0.125,1681,1688
n,38,0.059,1681,1689
h,3,0.149,1681,1690
c,22,-0.116,1681,1691
c,22,-0.142,1681,1692
c,22,-0.133,1681,1693
o,40,-0.107,1681,1694
c,22,0.163,1681,1695
c,22,0.002,1681,1696
c,22,0.004,1681,1697
h,3,0.134,1681,1698
h,3,0.138,1681,1699
c,22,0.15,1681,1700
c,10,-0.084,1681,1701
c,22,-0.142,1681,1702
c,22,0.046,1681,1703
h,3,0.127,1681,1704
c,29,0.132,1681,1705
c,22,0.132,1681,1706
c,22,0.125,1681,1707
c,10,-0.135,1753,1708
c,92,-0.384,1753,1709
o,40,-0.386,1753,1710
h,3,0.153,1753,1711
c,27,-0.085,1753,1712
h,3,0.118,1753,1713
c,22,-0.148,1753,1714
c,22,-0.116,1753,1715
c,22,-0.116,1753,1716
h,3,0.147,1753,1717
c,22,0.142,1753,1718
o,40,-0.413,1753,1719
h,3,0.137,1753,1720
c,22,-0.116,1753,1721
c,22,-0.126,1753,1722
o,40,-0.393,1753,1723
o,40,-0.412,1753,1754
c,22,-0.111,1753,1755
o,40,-0.386,1753,1756
c,22,-0.133,1753,1757
h,3,0.288,1753,1758
h,3,0.132,1753,1759
n,38,0.126,1753,1760
h,3,0.058,1753,1761
c,27,-0.385,1753,1762
c,22,0.046,1753,1763
c,22,-0.118,1753,1764
c,22,0.123,1804,1785
h,3,0.315,1804,1786
o,40,-0.377,1804,1787
c,22,-0.118,1804,1788
h,3,0.138,1804,1789
c,22,-0.126,1804,1790
h,3,0.132,1804,1791
c,27,0.023,1804,1792
h,3,0.134,1804,1793
h,3,0.142,1804,1794
h,3,0.059,1804,1795
c,22,-0.115,1804,1796
c,22,-0.109,1804,1797
o,40,0.807,1804,1798
o,50,-0.393,1804,1799
o,40,-0.377,1804,1800
o,40,-0.384,1804,1801
n,38,0.139,1804,1802
o,40,-0.392,1804,1803
h,3,0.148,1830,1823
c,22,-0.125,1830,1824
h,3,0.146,1830,1827
c,27,0.012,1830,1828
c,22,0.202,1830,1829
c,22,0.055,1830,1831
c,29,0.008,1830,1832
c,22,-0.118,1830,1833
o,40,-0.393,1830,1834
h,3,0.145,1830,1835
o,40,-0.107,1830,1836
c,22,-0.148,1830,1837
c,22,-0.117,1830,1838
c,27,0.005,1830,1839
c,22,0.816,1830,1840
c,29,-0.088,1830,1841
c,22,-0.118,1830,1842
h,1,0.801,1830,1843
c,27,0.012,1830,1844
h,3,-0.12,1830,1845
c,27,0.005,1830,1846
c,29,-0.129,1830,1847
c,27,0.008,1830,1848
c,22,-0.118,1830,1849
h,3,0.059,1830,1850
c,27,0.009,1830,1851
o,40,0.816,1830,1852
c,22,0.202,1830,1853
c,22,-0.123,1921,1865
h,3,0.149,1921,1866
c,22,-0.122,1921,1867
c,22,0.316,1921,1868
n,32,-0.412,1921,1869
n,38,-0.119,1921,1870
c,22,-0.109,1921,1871
c,22,-0.118,1921,1872
n,38,0.126,1921,1873
o,40,-0.382,1921,1874
h,3,0.146,1921,1875
h,3,0.155,1921,1876
h,3,0.315,1921,1877
h,3,-0.132,1921,1878
c,22,-0.118,1921,1879
c,22,-0.113,1921,1880
h,3,0.142,1921,1881
h,3,0.137,1921,1882
n,32,0.814,1921,1883
o,40,-0.384,1921,1884
h,1,0.147,1921,1885
c,22,0.808,1921,1886
h,1,0.126,1921,1887
o,40,-0.377,1921,1888
c,29,-0.081,1921,1889
h,3,0.142,1921,1890
h,3,0.142,1921,1891
h,3,0.148,1921,1892
o,40,-0.376,1921,1893
c,22,-0.111,1921,1894
h,3,0.128,1981,1956
c,195,-0.076,1981,1957
h,1,0.012,1981,1958
c,27,0.002,1981,1959
o,40,-0.393,1981,1960
o,40,0.282,1981,1961
c,22,0.062,1981,1962
c,22,0.198,1981,1963
o,40,-0.384,1981,1964
h,3,0.282,1981,1965
c,27,-0.091,1981,1966
h,3,0.152,1981,1967
c,27,0.012,1981,1968
h,3,0.142,1981,1969
c,25,-0.191,1981,1970
n,38,0.806,1981,1971
h,3,0.12,1981,1972
h,3,0.145,1981,1973
c,16,-0.125,1981,1974
o,40,-0.385,1981,1975
h,3,0.14,1981,1976
c,22,-0.067,1981,1977
c,22,0.015,1981,1978
h,3,-0.128,1981,1979
c,26,0.002,1981,1980
h,3,0.141,1994,1982
h,3,0.138,1994,1983
c,195,0.016,1994,1984
h,3,0.073,1994,1985
h,3,0.148,1994,1986
o,40,-0.089,1994,1987
o,40,-0.39,1994,1988
h,3,0.154,1994,1989
o,40,-0.382,1994,1990
h,1,0.127,1994,1991
h,3,0.134,1994,1992
c,22,-0.128,1994,1993
h,3,0.138,1994,2023
c,45,-0.112,1994,2024
n,38,0.812,1994,2025
h,3,0.118,1994,2026
n,32,-0.089,1994,2027
c,27,0.818,1994,2028
o,40,-0.383,1994,2029
h,3,0.142,1994,2030
c,22,0.012,1994,2031
h,3,0.15,1994,2032
h,3,0.142,1994,2033
c,10,0.144,1994,2034
c,22,-0.38,1994,2035
h,3,-0.134,1994,2036
o,40,-0.383,1994,2037
c,22,0.816,2079,2057
c,27,0.818,2079,2058
c,27,0.012,2079,2059
c,22,-0.133,2079,2060
c,27,-0.091,2079,2061
c,22,-0.127,2079,2062
c,22,-0.122,2079,2063
o,40,-0.384,2079,2064
o,40,-0.381,2079,2065
h,3,0.012,2079,2066
h,3,0.012,2079,2067
h,3,0.154,2079,2068
o,40,-0.384,2079,2069
h,1,0.152,2079,2070
h,3,0.13,2079,2071
c,22,-0.113,2079,2072
c,22,-0.084,2079,2073
h,3,0.145,2079,2074
h,3,0.019,2079,2075
c,22,-0.111,2079,2076
c,22,-0.122,2094,2080
c,27,-0.091,2094,2081
c,22,-0.122,2094,2082
h,3,-0.122,2094,2083
h,3,0.145,2094,2084
c,22,-0.115,2094,2085
h,40,0.816,2094,2086
h,3,0.152,2094,2087
c,22,0.176,2094,2088
c,22,-0.111,2094,2089
n,38,0.815,2094,2090
c,22,-0.109,2094,2091
o,40,-0.393,2094,2092
h,3,-0.119,2094,2093
h,3,0.147,2164,2109
c,22,0.282,2164,2148
c,27,0.055,2164,2149
h,3,0.055,2164,2150
c,22,0.015,2164,2151
c,22,-0.123,2164,2152
c,22,-0.115,2164,2153
c,22,-0.109,2164,2154
o,40,-0.388,2164,2155
c,27,-0.079,2164,2156
c,22,-0.116,2164,2157
h,3,0.055,2164,2158
h,3,0.145,2164,2159
c,32,-0.083,2164,2160
c,27,0.012,2164,2161
c,22,-0.142,2164,2162
h,3,0.141,2164,2163
c,22,-0.124,2164,2165
h,3,0.136,2164,2166
c,29,0.146,2164,2167
c,22,-0.097,2164,2168
h,3,-0.119,2164,2169
o,40,-0.383,2164,2170
h,1,0.062,2164,2171
o,40,-0.381,2164,2172
n,38,0.145,2164,2173
h,3,0.066,2164,2174
c,27,0.818,2164,2175
h,3,0.146,2164,2176
h,3,0.132,2164,2177
c,22,-0.118,2164,2178
c,10,0.142,2164,2179
c,22,-0.118,2164,2180
c,22,0.816,2164,2181
c,22,-0.114,2183,2182
h,3,0.142,2183,2184
c,22,-0.117,2183,2185
c,22,-0.122,2183,2187
h,3,0.138,2183,2189
c,29,-0.11,2183,2190
o,40,-0.413,2183,2193
o,40,-0.381,2183,2197
c,93,-0.134,2183,2200
o,40,-0.388,2183,2201
o,40,-0.386,2183,2202
c,22,-0.384,2183,2203
n,38,0.815,2183,2204
c,22,-0.116,2183,2205
c,10,0.011,2183,2206
o,40,-0.384,2183,2208
c,22,-0.137,2183,2209
c,22,-0.109,2183,2210
h,3,0.132,2183,2211
c,22,-0.115,2183,2212
h,3,0.123,2183,2224
o,40,-0.382,2183,2225
o,40,0.123,2183,2226
c,22,-0.114,2183,2229
c,26,0.059,2183,2230
c,22,-0.114,2183,2231
h,3,0.132,2183,2236
o,40,-0.382,2183,2238
h,3,0.149,2258,2241
h,3,0.138,2258,2242
h,3,0.058,2258,2243
h,3,0.282,2258,2244
h,3,0.108,2258,2245
c,21,-0.08,2258,2246
o,40,0.818,2258,2247
c,22,0.017,2258,2248
c,22,-0.105,2258,2249
c,22,-0.115,2258,2250
o,40,-0.383,2258,2251
o,40,0.008,2258,2252
c,22,-0.118,2258,2253
h,3,0.145,2258,2254
c,22,-0.118,2258,2255
c,22,-0.122,2258,2256
c,22,-0.118,2258,2257
c,27,-0.135,2258,2291
c,10,-0.091,2258,2292
c,22,-0.128,2258,2293
o,40,-0.412,2258,2294
c,22,-0.128,2258,2295
o,40,-0.382,2258,2296
c,22,-0.113,2258,2297
c,22,-0.113,2258,2298
c,22,-0.106,2258,2299
c,22,-0.115,2258,2300
h,3,0.155,2258,2301
o,40,-0.388,2258,2302
c,10,-0.091,2304,2303
n,38,-0.084,2304,2338
c,22,-0.168,2304,2339
c,22,0.142,2304,2340
h,3,0.133,2304,2341
c,22,-0.114,2304,2342
h,3,-0.112,2304,2343
o,40,-0.393,2304,2344
o,40,-0.384,2304,2345
o,40,-0.395,2304,2346
h,3,0.152,2304,2347
o,40,-0.388,2304,2348
c,22,-0.125,2304,2349
h,3,0.118,2304,2350
c,22,-0.118,2304,2351
c,28,0.011,2304,2352
h,3,0.129,2304,2353
h,3,0.153,2304,2354
c,29,-0.137,2304,2355
c,27,-0.404,2304,2356
c,92,-0.076,2304,2357
h,3,-0.119,2304,2358
c,29,0.055,2304,2359
c,22,-0.126,2304,2360
h,3,0.147,2304,2361
c,22,-0.122,2304,2362
c,22,-0.116,2304,2363
n,232,-0.11,2304,2364
c,22,-0.114,2304,2365
c,22,-0.118,2304,2366
c,22,-0.118,2372,2367
h,3,0.132,2372,2368
c,22,-0.123,2372,2369
h,3,0.163,2372,2370
c,22,-0.125,2372,2371
c,22,-0.115,2372,2396
h,3,0.132,2372,2398
c,22,-0.114,2372,2399
c,21,0.14,2372,2400
h,3,0.133,2372,2401
o,40,0.016,2372,2402
c,27,-0.388,2372,2403
c,27,-0.112,2372,2404
c,22,-0.118,2372,2405
h,3,0.141,2372,2406
o,40,-0.393,2372,2407
o,40,-0.388,2372,2408
c,22,-0.109,2372,2409
h,3,0.148,2372,2410
c,22,0.811,2372,2411
h,1,-0.396,2372,2412
c,22,-0.118,2372,2413
h,3,0.145,2435,2436
h,3,0.145,2435,2437
o,40,0.059,2435,2438
c,22,0.148,2435,2439
h,3,0.127,2435,2440
c,27,-0.11,2435,2441
n,38,-0.117,2435,2442
c,22,-0.084,2435,2443
c,22,-0.119,2435,2444
c,22,-0.116,2435,2445
h,3,0.147,2435,2446
c,27,0.141,2435,2447
c,22,-0.097,2435,2448
c,22,-0.125,2435,2449
h,3,0.056,2435,2450
h,3,0.282,2435,2451
h,3,0.132,2435,2452
c,22,0.017,2435,2453
h,3,0.138,2435,2454
c,22,-0.118,2435,2455
h,3,-0.119,2435,2456
h,3,0.141,2435,2457
c,195,-0.084,2435,2458
c,29,0.002,2435,2459
c,22,-0.097,2478,2465
c,22,-0.12,2478,2466
o,40,-0.384,2478,2467
c,22,-0.121,2478,2468
h,3,0.134,2478,2469
h,3,0.134,2478,2470
n,38,0.141,2478,2471
c,22,-0.097,2478,2472
c,22,-0.111,2478,2473
h,3,0.288,2478,2474
h,3,0.154,2478,2475
c,10,-0.144,2478,2476
c,22,-0.142,2478,2477
c,16,-0.291,2478,2501
c,22,-0.123,2478,2502
h,3,0.056,2478,2503
c,27,0.002,2478,2504
o,40,-0.394,2478,2505
c,16,0.09,2478,2506
h,3,0.055,2478,2507
h,3,0.135,2478,2508
h,3,0.163,2528,2509
c,22,-0.095,2528,2510
c,22,-0.119,2528,2511
c,22,-0.126,2528,2512
o,40,-0.381,2528,2513
n,38,0.806,2528,2514
h,3,0.019,2528,2515
h,3,0.13,2528,2516
c,22,-0.115,2528,2517
c,22,-0.118,2528,2518
h,3,0.145,2528,2519
n,38,-0.388,2528,2520
h,3,0.163,2528,2521
c,27,-0.08,2528,2522
c,29,0.005,2528,2523
c,27,-0.388,2528,2524
h,3,0.146,2528,2525
c,28,-0.396,2528,2526
h,3,0.142,2528,2527
c,22,-0.121,2559,2564
h,3,0.061,2559,2565
c,22,-0.118,2559,2566
h,3,0.127,2559,2567
c,27,0.009,2559,2568
h,3,0.058,2559,2576
c,22,-0.093,2559,2577
h,3,0.176,2559,2578
o,40,-0.384,2559,2579
o,40,-0.377,2559,2580
c,22,0.323,2559,2581
h,3,0.151,2559,2582
c,22,-0.11,2559,2583
h,3,0.152,2559,2584
c,22,-0.115,2559,2585
c,22,-0.109,2559,2586
c,10,0.008,2559,2587
h,3,0.145,2559,2588
h,3,0.138,2559,2589
c,22,-0.118,2559,2590
h,3,0.134,2559,2591
c,22,0.012,2559,2592
c,22,-0.122,2559,2593
c,22,-0.397,2559,2594
h,3,0.132,2559,2595
h,1,0.129,2559,2596
c,22,-0.067,2659,2614
h,3,0.146,2659,2615
o,40,-0.384,2659,2616
c,27,-0.389,2659,2617
n,38,0.154,2659,2618
o,40,-0.384,2659,2619
c,27,-0.088,2659,2620
o,40,-0.081,2659,2621
c,22,0.816,2659,2622
c,22,-0.113,2659,2623
c,22,-0.123,2659,2624
h,3,0.129,2659,2625
c,21,0.059,2659,2626
o,40,-0.167,2659,2627
c,22,-0.124,2659,2630
h,1,-0.131,2659,2631
h,3,0.012,2659,2632
o,40,-0.392,2659,2633
h,3,0.134,2659,2634
c,22,-0.114,2659,2635
c,22,-0.118,2659,2636
c,22,-0.119,2659,2637
c,22,-0.39,2659,2638
h,3,0.142,2659,2639
c,22,-0.122,2659,2640
n,32,-0.412,2659,2641
o,40,-0.383,2659,2642
c,22,-0.122,2659,2643
c,22,-0.067,2659,2644
c,22,-0.118,2659,2645
c,27,0.015,2699,2665
c,38,-0.092,2699,2666
h,3,0.056,2699,2667
h,3,0.062,2699,2668
c,29,0.017,2699,2669
o,40,-0.398,2699,2670
o,40,-0.381,2699,2671
h,3,0.138,2699,2672
h,3,0.147,2699,2673
h,3,0.145,2699,2674
h,3,0.132,2699,2675
c,29,0.021,2699,2676
h,1,0.823,2699,2677
c,22,0.118,2699,2678
c,27,0.055,2699,2679
h,3,0.154,2699,2680
c,22,-0.118,2699,2681
c,27,-0.393,2699,2682
h,3,0.155,2702,2743
c,22,0.15,2702,2744
h,3,0.147,2702,2745
o,40,-0.384,2702,2746
c,22,0.012,2702,2747
c,29,0.014,2702,2748
c,22,-0.148,2702,2749
h,3,0.148,2702,2750
o,40,-0.398,2702,2751
c,22,-0.123,2702,2752
c,22,0.14,2702,2753
c,22,-0.116,2702,2754
c,22,-0.105,2702,2755
h,3,0.134,2702,2756
c,22,-0.107,2702,2757
c,22,-0.114,2702,2758
n,38,0.138,2702,2759
c,27,0.009,2702,2760
o,40,-0.398,2702,2761
h,3,0.061,2702,2762
h,3,0.14,2702,2763
h,3,0.141,2702,2764
h,3,0.142,2702,2765
n,32,-0.089,2702,2766
c,27,-0.076,2702,2767
c,27,-0.108,2702,2768
c,22,0.073,2702,2769
h,3,0.153,2702,2770
c,22,-0.114,2702,2771
o,40,-0.4,2702,2772
c,22,-0.113,2702,2773
o,40,-0.082,2702,2774
c,22,-0.124,2702,2775
c,27,0.011,2702,2776
c,22,-0.115,2702,2777
c,22,-0.126,2702,2778
h,3,0.058,2826,2794
c,29,0.008,2826,2795
h,3,0.147,2826,2796
c,29,-0.386,2826,2797
h,3,0.145,2826,2798
h,3,0.144,2826,2799
h,1,0.823,2826,2800
c,22,0.816,2826,2801
c,27,0.142,2826,2802
c,22,-0.105,2826,2803
n,38,0.145,2826,2804
c,22,-0.116,2826,2805
n,38,-0.383,2826,2806
h,3,0.152,2826,2807
c,22,-0.148,2826,2808
h,3,0.145,2826,2809
c,22,0.062,2826,2810
h,3,0.147,2826,2811
o,40,-0.391,2826,2812
c,22,-0.116,2826,2813
h,3,0.054,2826,2814
c,22,-0.111,2826,2815
o,40,-0.391,2826,2816
h,3,0.315,2826,2817
h,3,0.129,2826,2818
h,3,0.176,2826,2819
h,3,-0.131,2826,2820
h,3,0.176,2826,2821
c,22,-0.111,2826,2822
h,3,0.148,2826,2823
c,22,0.019,2826,2824
c,22,-0.109,2826,2825
o,40,0.004,2875,2861
h,3,0.047,2875,2862
c,22,-0.123,2875,2863
c,22,-0.133,2875,2864
c,22,0.81,2875,2865
h,3,0.149,2875,2866
o,40,-0.377,2875,2867
c,22,-0.067,2875,2868
c,22,-0.118,2875,2869
c,22,-0.114,2875,2870
c,14,0.008,2875,2871
c,22,-0.118,2875,2872
h,3,0.137,2875,2873
o,40,-0.404,2875,2874
c,29,-0.142,2880,2876
o,40,0.158,2880,2877
h,3,0.061,2880,2878
o,40,-0.388,2880,2879
c,22,-0.114,2880,2902
c,34,0.188,2880,2903
c,22,-0.118,2880,2904
c,22,-0.097,2880,2905
c,29,-0.081,2880,2906
h,3,0.144,2880,2907
o,40,-0.39,2880,2908
c,16,-0.089,2880,2909
c,22,-0.105,2880,2910
o,40,-0.104,2880,2911
n,38,-0.383,2880,2912
c,10,-0.412,2880,2913
n,38,0.012,2880,2914
c,22,-0.121,2880,2915
c,22,-0.128,2880,2916
c,27,-0.086,2880,2917
o,40,0.816,2964,2932
c,22,0.004,2964,2933
n,35,-0.137,2964,2934
h,3,0.135,2964,2935
c,22,-0.115,2964,2936
c,10,-0.089,2964,2937
h,3,0.123,2964,2938
h,3,0.282,2964,2939
n,34,-0.379,2964,2940
c,22,-0.142,2964,2941
n,38,0.332,2964,2942
c,27,0.009,2964,2943
c,27,0.018,2964,2944
c,93,0.012,2964,2945
c,22,-0.133,2964,2946
c,22,-0.118,2964,2947
h,3,0.127,2964,2948
c,27,0.009,2964,2949
c,22,-0.119,2964,2950
c,22,-0.114,2964,2951
c,28,0.012,2964,2952
h,3,0.145,2964,2953
c,27,-0.089,2964,2954
c,22,-0.128,3014,2973
h,3,0.141,3014,2974
h,3,0.142,3014,2975
h,3,0.061,3014,2976
h,3,0.058,3014,2977
c,29,-0.291,3014,2978
c,27,-0.079,3014,2979
h,3,0.163,3014,2980
h,3,0.142,3014,2981
c,22,-0.128,3014,2982
o,40,-0.395,3014,2983
c,22,-0.097,3014,2984
n,38,0.817,3014,2985
c,28,0.163,3014,2986
c,28,0.012,3014,2987
c,22,-0.115,3014,2988
o,40,-0.088,3014,2989
h,3,0.142,3014,2990
c,27,0.009,3014,2991
h,3,0.056,3014,2992
c,22,-0.126,3014,2993
c,22,-0.116,3014,2994
c,22,-0.393,3014,2995
h,3,0.142,3014,2996
h,3,0.142,3014,2997
o,40,-0.089,3014,2998
h,3,-0.106,3014,2999
n,38,0.817,3014,3000
c,22,-0.126,3014,3001
h,3,0.145,3014,3002
h,3,0.153,3034,3028
o,40,0.059,3034,3029
c,27,-0.089,3034,3030
h,3,0.149,3034,3031
c,22,0.816,3034,3032
c,22,-0.111,3034,3033
c,22,-0.115,3034,3059
h,3,0.142,3034,3060
c,22,-0.291,3034,3061
c,27,-0.363,3034,3062
c,29,0.012,3034,3063
c,26,-0.107,3034,3064
c,92,-0.089,3034,3065
h,3,0.144,3034,3066
n,38,-0.111,3034,3067
c,14,0.016,3034,3068
c,22,0.112,3034,3069
c,22,-0.097,3034,3070
o,40,-0.384,3034,3071
c,22,0.059,3034,3072
c,10,0.818,3034,3073
o,40,-0.384,3034,3074
h,3,0.145,3120,3075
o,40,-0.384,3120,3076
h,3,0.163,3120,3077
c,22,0.017,3120,3078
c,27,0.018,3120,3079
c,29,0.008,3120,3080
h,3,0.142,3120,3081
c,22,-0.118,3120,3082
o,40,-0.384,3120,3083
o,40,-0.382,3120,3084
n,38,0.801,3120,3085
h,3,0.145,3120,3086
c,22,-0.388,3120,3087
c,22,0.816,3120,3088
c,22,-0.097,3120,3089
c,22,0.002,3120,3090
o,40,-0.384,3120,3121
o,40,-0.382,3120,3122
h,3,0.148,3120,3123
c,22,-0.081,3120,3124
o,40,-0.418,3120,3125
o,40,-0.377,3120,3126
o,40,0.015,3120,3127
c,29,0.002,3120,3128
h,3,0.147,3120,3129
c,92,0.332,3120,3130
c,26,-0.394,3120,3131
h,3,0.138,3190,3162
c,29,0.002,3190,3163
c,22,0.816,3190,3164
c,29,-0.142,3190,3165
n,38,0.162,3190,3166
c,22,-0.148,3190,3167
h,3,0.126,3190,3168
h,3,0.134,3190,3169
c,29,0.019,3190,3170
c,28,-0.38,3190,3171
c,29,-0.39,3190,3172
n,38,-0.389,3190,3173
c,22,-0.118,3190,3174
h,3,0.147,3190,3175
h,3,0.062,3190,3176
o,40,-0.369,3190,3177
n,38,0.818,3190,3178
c,27,-0.092,3190,3179
h,3,0.146,3190,3180
h,3,0.132,3190,3181
c,22,0.182,3190,3182
c,22,-0.127,3190,3183
h,3,0.147,3190,3184
c,29,0.017,3190,3185
h,3,0.145,3190,3186
o,40,0.059,3190,3187
o,40,-0.107,3190,3188
h,3,0.132,3190,3189
c,22,-0.08,3247,3191
c,27,-0.388,3247,3192
h,3,0.061,3247,3193
c,27,-0.085,3247,3194
n,195,-0.413,3247,3195
c,27,0.018,3247,3196
c,22,-0.123,3247,3197
c,22,-0.113,3247,3198
n,38,0.126,3247,3199
c,22,-0.084,3247,3200
c,22,0.118,3247,3201
o,40,-0.393,3247,3202
c,22,-0.113,3247,3203
c,22,-0.124,3247,3204
c,22,0.012,3247,3205
c,22,-0.113,3247,3206
c,22,-0.142,3247,3207
o,40,0.282,3247,3208
n,32,0.814,3247,3209
c,22,-0.123,3247,3210
c,22,-0.111,3247,3211
c,22,-0.122,3247,3212
h,3,0.142,3247,3213
c,22,0.817,3247,3214
h,3,0.062,3247,3215
c,22,-0.114,3247,3216
h,3,0.137,3247,3217
c,26,-0.389,3247,3218
c,22,0.011,3247,3219
h,3,0.145,3247,3220
c,22,-0.113,3287,3265
h,3,0.132,3287,3266
c,22,-0.115,3287,3267
h,3,0.118,3287,3268
c,22,-0.142,3287,3269
c,14,0.114,3287,3270
c,22,-0.118,3287,3271
c,22,-0.115,3287,3275
o,40,-0.404,3287,3276
c,22,0.332,3287,3277
c,22,0.118,3287,3278
c,22,-0.113,3287,3279
n,38,0.135,3287,3280
h,3,0.054,3287,3281
h,3,0.126,3287,3282
c,22,-0.115,3287,3283
c,27,0.062,3287,3284
c,28,0.008,3287,3285
c,27,-0.191,3287,3286
o,40,-0.386,3343,3309
c,22,-0.126,3343,3310
c,22,-0.115,3343,3311
n,38,0.812,3343,3312
h,3,0.108,3343,3313
c,22,0.132,3343,3314
c,22,-0.115,3343,3315
c,22,0.012,3343,3316
c,27,0.015,3343,3317
o,40,-0.385,3343,3320
n,32,-0.397,3343,3321
c,22,-0.135,3343,3322
c,22,-0.105,3343,3323
c,22,-0.121,3343,3324
o,40,0.787,3343,3325
c,22,-0.115,3343,3326
c,10,0.008,3343,3327
h,3,0.142,3343,3328
h,3,0.145,3343,3329
h,1,0.143,3343,3330
h,3,0.145,3343,3331
h,3,0.147,3343,3332
c,22,-0.385,3343,3333
n,34,-0.379,3343,3334
c,22,-0.393,3395,3345
h,3,0.059,3395,3346
h,3,0.155,3395,3347
h,3,0.145,3395,3348
h,3,0.104,3395,3349
o,40,-0.413,3395,3350
h,3,0.132,3395,3351
c,22,-0.368,3395,3352
o,40,-0.384,3395,3353
c,22,-0.109,3395,3354
c,22,-0.115,3395,3355
c,22,-0.109,3395,3356
o,40,-0.097,3395,3396
c,22,-0.119,3395,3397
c,22,-0.109,3395,3398
c,27,-0.084,3395,3399
c,22,0.815,3395,3400
h,1,0.135,3395,3401
h,3,0.061,3395,3402
c,27,0.332,3395,3403
o,40,-0.386,3395,3404
c,27,-0.418,3395,3405
h,3,0.14,3395,3406
o,40,-0.388,3395,3407
h,3,0.142,3395,3408
c,22,-0.142,3395,3409
o,40,-0.384,3395,3410
n,21,-0.087,3395,3411
o,40,-0.383,3395,3412
n,35,0.136,3395,3413
h,3,0.136,3395,3414
h,3,0.141,3395,3415
c,22,-0.126,3395,3416
o,40,-0.377,3395,3417
c,29,-0.107,3418,3435
h,3,0.112,3418,3436
c,22,0.102,3418,3437
c,22,-0.128,3418,3438
c,27,0.011,3418,3439
h,3,0.147,3418,3440
h,3,0.176,3418,3441
c,22,-0.116,3418,3442
c,22,0.146,3418,3443
c,22,0.332,3418,3444
h,3,0.062,3418,3445
c,27,-0.393,3418,3446
c,22,-0.125,3418,3447
c,27,-0.386,3418,3448
c,22,-0.13,3418,3449
h,3,0.154,3418,3450
c,29,0.017,3451,3452
c,22,0.15,3451,3453
c,22,-0.119,3451,3454
c,22,-0.122,3451,3455
c,22,-0.124,3451,3456
c,10,-0.079,3451,3457
c,22,-0.119,3451,3458
c,27,0.005,3451,3459
o,40,-0.384,3451,3460
c,27,-0.363,3451,3461
c,22,-0.115,3451,3462
h,3,-0.112,3451,3463
h,3,0.145,3451,3464
c,22,0.202,3451,3465
c,22,-0.116,3451,3466
c,22,-0.114,3451,3467
o,40,-0.11,3451,3468
c,22,-0.118,3451,3469
c,27,-0.191,3451,3470
n,38,-0.111,3451,3471
c,22,0.816,3451,3472
o,40,-0.384,3451,3473
c,22,-0.134,3451,3474
c,14,-0.083,3451,3475
n,38,0.061,3451,3476
h,3,0.143,3506,3507
n,38,0.832,3506,3508
h,3,0.162,3506,3509
c,22,-0.123,3506,3510
h,3,0.332,3506,3511
c,22,0.004,3506,3512
c,27,0.016,3506,3513
c,22,-0.111,3506,3514
c,22,-0.113,3506,3515
c,22,-0.108,3506,3516
h,3,0.146,3506,3517
f,92,0.158,3506,3518
c,22,-0.118,3506,3519
h,3,0.047,3506,3520
c,22,0.816,3506,3521
n,38,0.823,3506,3522
c,22,-0.115,3506,3523
h,3,0.132,3506,3524
h,3,0.137,3506,3525
h,3,0.134,3506,3526
c,27,0.006,3506,3527
o,40,-0.382,3506,3528
o,40,-0.384,3506,3529
c,22,-0.115,3506,3530
h,3,0.145,3567,3554
o,40,-0.391,3567,3555
c,22,-0.121,3567,3556
o,40,-0.384,3567,3557
c,22,-0.114,3567,3558
c,10,0.015,3567,3559
c,22,0.145,3567,3560
c,29,0.002,3567,3561
c,27,0.009,3567,3562
c,22,0.062,3567,3563
c,22,-0.124,3567,3564
c,93,-0.396,3567,3565
h,3,0.155,3567,3566
c,14,-0.398,3567,3590
h,3,0.144,3567,3591
c,22,-0.118,3567,3592
c,22,0.114,3567,3593
h,3,0.801,3567,3594
h,3,0.198,3567,3595
h,3,0.132,3567,3596
c,29,0.017,3567,3597
c,22,-0.115,3598,3641
c,22,-0.093,3598,3642
o,40,-0.382,3598,3643
c,27,0.016,3598,3644
c,22,-0.115,3598,3645
c,29,0.014,3598,3646
c,22,-0.118,3598,3647
c,22,0.138,3598,3648
h,3,0.149,3598,3649
c,27,-0.393,3598,3650
o,40,-0.382,3598,3651
o,40,-0.412,3598,3652
h,3,0.153,3598,3653
c,22,-0.117,3598,3654
o,40,-0.391,3598,3655
c,22,-0.084,3598,3656
h,3,0.134,3598,3657
c,22,-0.122,3598,3658
h,3,0.061,3598,3659
c,22,-0.111,3598,3660
o,40,0.108,3598,3661
c,22,-0.114,3598,3662
c,22,-0.125,3598,3663
o,40,-0.388,3598,3664
o,40,-0.384,3598,3665
o,40,-0.386,3598,3666
o,40,-0.413,3598,3667
h,3,0.062,3598,3668
h,3,-0.106,3598,3669
c,27,0.012,3598,3670
c,22,0.188,3598,3671
c,22,-0.121,3598,3672
c,93,0.188,3598,3673
c,22,-0.125,3598,3674
c,22,-0.119,3598,3675
h,3,0.055,3598,3676
c,29,0.008,3598,3677
c,22,-0.113,3598,3678
h,3,0.012,3690,3680
c,22,-0.124,3690,3681
h,3,0.141,3690,3683
c,22,0.008,3690,3684
c,22,-0.067,3690,3685
c,29,-0.091,3690,3687
c,22,-0.111,3690,3689
c,22,-0.115,3690,3698
c,10,0.818,3690,3699
h,3,0.154,3690,3700
c,22,-0.116,3690,3701
o,40,-0.384,3690,3702
h,3,0.143,3690,3703
c,22,-0.116,3690,3721
n,38,0.812,3690,3723
h,3,0.058,3690,3724
c,22,-0.106,3690,3725
h,3,0.062,3690,3726
c,27,0.016,3690,3727
c,22,-0.128,3690,3728
c,22,-0.105,3690,3729
c,22,-0.084,3690,3730
c,29,0.163,3690,3731
h,1,0.046,3690,3732
h,3,0.145,3690,3733
h,3,0.152,3690,3734
c,22,-0.393,3690,3735
h,3,0.132,3690,3736
c,22,-0.11,3690,3739
c,29,-0.088,3690,3742
c,22,-0.074,3771,3757
o,40,-0.384,3771,3758
n,38,0.202,3771,3759
c,29,0.008,3771,3760
h,3,0.155,3771,3761
c,22,0.005,3771,3762
c,22,0.816,3771,3763
h,3,0.154,3771,3764
h,3,0.136,3771,3765
c,26,-0.085,3771,3766
h,3,0.141,3771,3767
c,22,-0.123,3771,3768
c,22,-0.125,3771,3769
h,3,0.137,3771,3770
c,22,-0.113,3819,3787
c,22,-0.121,3819,3788
c,27,0.009,3819,3789
c,22,-0.119,3819,3790
c,27,0.017,3819,3791
h,3,0.007,3819,3792
c,22,-0.111,3819,3793
c,28,-0.127,3819,3794
o,40,-0.397,3819,3795
c,22,-0.114,3819,3796
c,22,0.133,3819,3797
o,40,-0.388,3819,3798
c,22,0.129,3819,3799
o,40,-0.388,3819,3800
h,3,0.136,3819,3801
c,27,0.016,3819,3802
c,22,-0.119,3819,3803
c,22,0.132,3819,3804
h,3,0.132,3819,3805
h,3,0.134,3819,3806
h,3,0.188,3819,3807
o,40,-0.388,3819,3808
n,38,-0.086,3819,3809
h,3,0.152,3819,3810
o,40,-0.384,3819,3811
c,22,-0.123,3819,3812
c,27,0.055,3819,3813
h,3,0.136,3819,3814
c,22,0.138,3819,3815
h,3,0.141,3819,3816
h,3,0.142,3819,3817
c,93,-0.129,3819,3818
o,40,-0.383,3841,3854
c,22,-0.119,3841,3856
n,38,0.818,3841,3857
h,3,0.163,3841,3858
o,40,-0.383,3841,3859
o,40,-0.398,3841,3860
h,3,0.142,3841,3861
c,22,0.112,3841,3862
h,3,0.132,3841,3863
c,22,-0.118,3841,3864
c,22,-0.114,3841,3865
h,1,0.282,3841,3866
c,22,-0.109,3841,3867
h,3,0.141,3841,3868
c,92,-0.137,3841,3869
c,22,-0.133,3841,3870
o,40,-0.393,3841,3871
o,40,0.144,3904,3905
c,22,-0.107,3904,3906
c,27,0.282,3904,3907
o,40,-0.392,3904,3908
h,3,0.012,3904,3909
c,27,0.008,3904,3910
h,3,0.315,3904,3911
c,22,-0.125,3904,3912
h,3,0.012,3904,3913
h,3,0.132,3904,3914
c,22,-0.383,3904,3915
c,22,-0.122,3904,3916
o,40,-0.079,3904,3917
n,3,-0.137,3904,3918
c,22,-0.116,3904,3919
c,22,0.816,3904,3920
c,22,-0.097,3904,3921
h,3,0.066,3904,3922
h,3,0.138,3904,3923
c,21,-0.122,3904,3924
c,22,-0.398,3904,3925
o,40,-0.398,3904,3926
h,3,0.142,3904,3927
c,29,0.017,3904,3928
h,3,0.149,3904,3929
c,29,-0.393,3904,3930
h,3,0.149,3904,3931
c,22,-0.109,3943,3933
h,1,0.152,3943,3934
c,27,-0.363,3943,3936
c,22,-0.107,3943,3937
c,22,0.182,3943,3938
h,1,-0.084,3943,3940
c,22,-0.128,3943,3942
c,22,-0.118,3943,3951
h,3,0.108,3943,3952
c,22,-0.113,3943,3953
c,22,-0.115,3943,3954
n,38,0.139,3943,3955
o,40,-0.383,3943,3956
c,22,-0.118,3943,3974
h,3,0.132,3943,3976
o,40,-0.393,3943,3977
c,22,0.016,3943,3978
c,27,0.012,3943,3979
h,3,0.145,3943,3980
c,22,-0.114,3943,3981
h,3,0.332,3943,3982
o,40,-0.088,3943,3983
o,40,-0.386,3943,3984
c,27,0.005,3943,3985
n,32,-0.081,3943,3986
c,22,-0.125,3943,3987
n,38,-0.119,3943,3988
c,22,-0.119,3943,3989
h,3,0.137,3943,3992
c,29,0.002,3943,3995
o,40,-0.11,4033,3996
h,3,0.149,4033,3997
c,27,0.012,4033,3998
c,29,0.012,4033,3999
h,3,0.147,4033,4000
c,27,0.017,4033,4001
c,22,-0.108,4033,4002
o,40,-0.108,4033,4003
c,22,-0.119,4033,4004
h,3,0.136,4033,4005
c,22,0.332,4033,4027
c,22,-0.115,4033,4028
c,22,0.332,4033,4029
c,22,-0.122,4033,4030
h,3,0.118,4033,4031
c,22,-0.109,4033,4032
c,22,-0.105,4033,4034
n,32,-0.097,4033,4035
h,3,0.134,4033,4036
h,3,0.135,4033,4037
c,22,-0.122,4079,4038
c,22,-0.384,4079,4039
h,1,0.149,4079,4040
c,22,0.055,4079,4041
c,27,-0.092,4079,4075
o,40,-0.382,4079,4076
h,3,0.147,4079,4077
c,22,-0.116,4079,4078
h,3,0.138,4079,4080
c,27,0.015,4079,4081
c,29,0.163,4079,4082
c,22,-0.116,4079,4083
h,3,0.14,4079,4084
h,3,0.142,4079,4085
h,3,0.059,4079,4086
c,22,0.332,4079,4087
c,10,-0.107,4079,4088
n,22,-0.119,4079,4089
c,22,-0.13,4079,4090
o,40,-0.384,4079,4091
c,22,-0.111,4079,4092
h,3,0.146,4079,4093
h,3,0.138,4079,4094
h,3,0.149,4079,4095
o,40,-0.094,4079,4096
o,40,-0.388,4079,4097
h,3,0.129,4079,4098
o,40,-0.398,4079,4099
c,27,0.007,4079,4100
n,34,-0.412,4079,4101
o,40,-0.384,4079,4102
c,29,-0.093,4079,4103
c,22,-0.121,4079,4104
c,27,0.009,4079,4105
c,22,0.118,4112,4110
h,3,0.141,4112,4111
c,22,-0.109,4112,4131
h,3,0.141,4112,4132
h,3,0.153,4112,4133
o,40,-0.108,4112,4134
h,1,0.15,4112,4135
c,22,-0.114,4112,4136
h,3,-0.132,4112,4137
c,27,0.012,4112,4138
c,22,0.118,4112,4139
h,3,0.129,4112,4140
o,40,-0.11,4112,4141
o,40,-0.4,4112,4142
c,22,-0.118,4112,4143
c,22,-0.119,4112,4144
c,22,0.004,4112,4145
n,32,0.814,4112,4146
h,3,0.142,4205,4147
h,3,0.146,4205,4148
c,22,-0.128,4205,4149
n,35,0.006,4205,4150
c,27,0.018,4205,4151
h,3,0.145,4205,4152
c,22,-0.119,4205,4153
c,28,0.012,4205,4154
c,22,0.188,4205,4155
c,22,-0.119,4205,4156
c,22,-0.113,4205,4157
c,22,0.012,4205,4158
c,29,0.002,4205,4159
c,22,-0.128,4205,4160
c,22,-0.109,4205,4161
h,3,0.147,4205,4162
c,22,-0.115,4205,4163
h,3,0.138,4205,4164
o,40,-0.388,4205,4165
c,22,0.142,4205,4166
o,40,-0.386,4205,4167
c,22,-0.128,4205,4168
o,40,-0.378,4205,4169
c,10,-0.094,4205,4170
c,22,-0.109,4205,4171
c,22,-0.39,4205,4172
c,22,-0.133,4205,4173
c,22,-0.074,4205,4174
h,3,0.12,4230,4206
h,3,0.139,4230,4207
h,3,0.153,4230,4208
h,3,0.176,4230,4209
c,22,0.332,4230,4210
n,38,0.809,4230,4211
h,3,0.062,4230,4212
o,40,-0.391,4230,4213
c,22,0.182,4230,4214
h,3,0.163,4230,4215
o,40,-0.382,4230,4216
h,3,0.132,4230,4217
c,28,0.007,4230,4218
c,22,-0.116,4230,4219
c,22,0.332,4230,4220
h,3,0.054,4230,4221
h,3,0.055,4230,4222
c,22,-0.124,4230,4223
c,21,0.144,4230,4224
c,22,-0.105,4230,4225
h,3,0.282,4230,4226
c,22,-0.114,4230,4227
c,22,-0.115,4230,4228
c,22,0.004,4230,4229
h,3,0.149,4230,4231
h,3,-0.125,4299,4277
h,3,0.132,4299,4278
c,22,-0.124,4299,4279
o,40,-0.39,4299,4280
o,40,-0.384,4299,4281
c,22,-0.119,4299,4282
h,3,0.056,4299,4283
c,22,-0.089,4299,4284
h,3,0.126,4299,4285
c,22,-0.119,4299,4286
c,22,0.811,4299,4287
o,40,0.015,4299,4288
h,3,0.132,4299,4289
c,22,-0.123,4299,4290
c,28,0.012,4299,4291
h,1,0.096,4299,4292
c,22,-0.129,4299,4293
h,3,0.134,4299,4294
h,1,0.154,4299,4295
n,32,-0.412,4299,4296
h,3,0.139,4299,4297
c,22,-0.088,4299,4298
n,38,0.288,4304,4349
c,22,-0.13,4304,4350
c,22,-0.121,4304,4351
c,22,0.198,4304,4352
h,3,0.152,4304,4353
c,22,-0.116,4304,4354
o,40,0.007,4304,4355
c,27,0.011,4304,4356
c,27,0.009,4304,4357
h,3,0.146,4304,4358
h,3,0.056,4304,4359
c,22,-0.111,4304,4360
h,3,0.104,4304,4361
c,22,-0.115,4304,4362
c,22,0.148,4304,4363
c,22,-0.122,4304,4364
h,3,0.149,4304,4365
c,29,0.03,4304,4366
c,22,0.188,4304,4367
h,3,0.163,4304,4368
h,3,0.132,4304,4369
c,22,-0.111,4304,4370
c,22,-0.142,4304,4371
c,22,-0.113,4304,4372
h,3,0.129,4304,4373
c,22,-0.119,4304,4374
c,22,-0.115,4304,4375
c,22,-0.118,4304,4376
h,3,0.143,4304,4377
h,3,-0.12,4304,4378
o,40,-0.396,4304,4379
h,3,0.012,4304,4380
c,22,-0.122,4304,4381
c,10,0.009,4304,4382
c,22,-0.111,4304,4383
c,22,-0.119,4304,4384
c,29,0.002,4304,4385
h,3,0.148,4304,4386
h,3,0.155,4411,4387
c,22,-0.119,4411,4388
c,22,-0.115,4411,4389
c,22,-0.099,4411,4390
c,22,-0.074,4411,4391
c,22,-0.126,4411,4392
c,28,0.008,4411,4393
c,22,-0.106,4411,4394
c,22,-0.107,4411,4395
h,3,0.15,4411,4396
c,22,-0.118,4411,4397
c,22,-0.114,4411,4398
h,3,0.141,4411,4399
c,22,0.188,4411,4400
c,22,0.005,4411,4401
c,22,-0.126,4411,4402
h,3,0.149,4411,4403
c,22,0.046,4411,4404
c,22,0.112,4411,4405
h,3,0.152,4411,4406
h,1,-0.084,4411,4407
o,40,0.816,4411,4408
h,3,0.125,4411,4409
o,40,-0.081,4411,4410
c,26,0.011,4411,4412
h,3,0.134,4479,4439
c,22,-0.137,4479,4440
h,3,0.138,4479,4441
h,3,0.061,4479,4442
c,22,-0.116,4479,4443
h,3,0.145,4479,4444
c,10,-0.084,4479,4445
h,3,0.138,4479,4446
c,22,-0.116,4479,4447
h,3,0.138,4479,4448
h,3,0.141,4479,4449
c,22,-0.148,4479,4450
c,22,0.132,4479,4451
h,3,0.012,4479,4452
n,38,0.046,4479,4453
o,40,-0.384,4479,4454
c,22,0.055,4479,4455
c,27,0.012,4479,4456
o,40,-0.388,4479,4457
c,22,0.816,4479,4458
c,22,-0.118,4479,4459
o,40,0.015,4479,4460
o,40,-0.383,4479,4461
c,22,-0.119,4479,4490
c,22,-0.13,4479,4491
c,22,0.118,4513,4497
c,22,-0.39,4513,4498
h,3,-0.128,4513,4499
c,27,-0.392,4513,4500
h,3,0.134,4513,4501
o,40,-0.108,4513,4502
c,22,-0.124,4513,4503
c,29,0.112,4513,4504
h,3,0.136,4513,4505
n,93,-0.412,4513,4506
n,38,-0.383,4513,4507
c,22,-0.124,4513,4508
c,27,-0.091,4513,4509
h,3,0.136,4513,4510
c,22,-0.126,4513,4511
h,3,0.161,4513,4512
h,3,0.112,4588,4525
h,3,0.062,4588,4526
c,195,0.015,4588,4527
c,22,-0.114,4588,4528
h,3,0.142,4588,4529
c,29,0.112,4588,4530
h,3,0.146,4588,4531
c,22,-0.113,4588,4532
c,22,-0.123,4588,4533
h,3,0.062,4588,4534
n,38,0.812,4588,4535
c,22,0.15,4588,4536
c,22,-0.079,4588,4537
c,29,0.816,4588,4538
n,38,-0.114,4588,4539
h,3,0.012,4588,4540
h,3,0.142,4588,4541
c,29,0.005,4588,4542
o,40,-0.384,4588,4543
c,22,-0.12,4588,4544
h,3,0.142,4588,4545
c,22,-0.109,4588,4546
c,22,-0.105,4588,4547
o,40,-0.391,4588,4548
c,26,-0.394,4588,4549
c,22,-0.119,4588,4550
h,3,0.126,4588,4551
c,22,-0.111,4588,4552
h,3,-0.12,4588,4553
h,3,0.073,4588,4554
c,26,-0.08,4598,4619
c,22,-0.115,4598,4620
c,26,-0.115,4598,4621
h,3,0.149,4598,4622
h,3,0.152,4598,4623
h,3,0.062,4598,4624
c,22,0.108,4598,4625
c,27,0.016,4598,4626
o,40,0.015,4598,4627
c,27,0.011,4598,4628
c,27,-0.395,4598,4629
h,3,0.142,4598,4630
o,40,-0.391,4598,4631
c,22,-0.118,4598,4632
c,22,-0.113,4598,4633
c,22,-0.115,4598,4634
o,40,-0.394,4598,4635
c,28,0.015,4598,4636
h,3,0.118,4598,4637
o,40,-0.382,4598,4638
c,22,0.059,4598,4639
h,3,0.123,4598,4640
c,29,0.017,4598,4641
o,40,-0.384,4598,4642
f,92,-0.385,4598,4643
n,38,0.137,4598,4644
c,22,0.134,4598,4645
h,3,0.146,4598,4646
c,22,-0.115,4598,4647
h,3,0.142,4691,4661
c,22,-0.114,4691,4662
o,40,0.01,4691,4663
h,3,0.059,4691,4664
c,22,0.118,4691,4665
n,38,0.818,4691,4666
c,27,0.009,4691,4667
h,1,-0.116,4691,4668
c,22,-0.384,4691,4669
c,22,-0.122,4691,4670
c,22,-0.121,4691,4671
f,92,-0.108,4691,4672
h,3,0.149,4691,4673
c,29,-0.094,4691,4674
c,22,-0.119,4691,4676
h,3,0.139,4691,4677
c,27,0.021,4691,4678
c,22,-0.121,4691,4679
c,29,0.332,4691,4680
h,3,0.139,4691,4681
c,27,0.015,4691,4682
c,22,-0.113,4691,4683
c,22,-0.113,4726,4698
c,22,-0.126,4726,4699
c,22,-0.122,4726,4700
c,27,-0.083,4726,4701
c,21,0.811,4726,4702
c,22,-0.118,4726,4703
h,3,0.062,4726,4704
h,8,0.062,4726,4705
c,22,-0.118,4726,4706
o,40,-0.393,4726,4707
c,22,-0.11,4726,4708
c,22,0.017,4726,4709
h,3,0.054,4726,4727
c,22,-0.126,4726,4728
c,27,0.007,4726,4729
c,27,0.123,4726,4730
o,40,-0.392,4732,4731
h,3,0.138,4732,4760
h,3,0.149,4732,4761
c,29,0.01,4732,4762
c,22,-0.118,4732,4763
h,3,0.132,4732,4764
c,22,-0.118,4732,4765
c,22,-0.119,4732,4766
c,40,-0.084,4732,4767
c,22,-0.118,4732,4768
c,27,0.009,4732,4769
c,29,0.017,4732,4770
h,3,0.132,4732,4771
h,3,0.141,4732,4772
h,3,0.136,4732,4773
h,3,0.129,4732,4774
o,40,-0.386,4732,4775
h,3,0.132,4732,4776
c,27,0.332,4732,4777
o,40,-0.388,4732,4778
c,22,0.816,4732,4779
n,38,0.814,4732,4780
h,3,0.073,4732,4781
c,22,0.146,4732,4782
o,40,-0.379,4732,4783
c,27,0.017,4732,4784
c,22,-0.128,4802,4785
c,22,0.062,4802,4786
n,38,0.104,4802,4787
c,22,-0.113,4802,4788
c,22,-0.123,4802,4789
h,3,-0.124,4802,4790
c,10,-0.095,4802,4791
o,40,-0.384,4802,4792
h,3,0.129,4802,4793
c,22,-0.111,4802,4794
h,3,-0.119,4802,4795
c,22,-0.123,4802,4796
o,40,-0.397,4802,4797
c,22,-0.133,4802,4798
h,3,0.136,4802,4799
c,22,-0.114,4802,4800
c,10,-0.107,4802,4801
c,22,-0.121,4802,4835
c,22,-0.123,4802,4836
h,3,0.123,4802,4837
c,28,0.012,4802,4838
h,3,0.139,4802,4839
h,3,0.135,4802,4840
h,3,0.145,4802,4841
c,22,-0.115,4802,4842
o,40,-0.385,4802,4843
h,3,0.148,4802,4844
n,38,0.104,4802,4845
c,22,-0.118,4802,4846
c,22,-0.119,4848,4849
c,22,-0.115,4848,4850
c,27,0.009,4848,4851
c,22,-0.115,4848,4852
h,3,0.148,4848,4853
c,22,0.005,4848,4854
c,22,-0.126,4848,4855
c,22,0.012,4848,4856
h,3,0.154,4848,4857
o,40,-0.388,4848,4858
c,22,-0.118,4848,4859
c,22,-0.126,4848,4860
h,3,0.142,4848,4861
c,22,-0.116,4848,4862
c,22,-0.115,4848,4863
h,3,0.154,4848,4864
c,27,0.009,4848,4865
c,22,-0.114,4848,4866
c,22,0.138,4848,4867
c,22,-0.128,4848,4868
c,22,-0.119,4848,4869
c,22,-0.126,4848,4870
o,40,-0.382,4848,4871
h,3,0.136,4848,4872
o,40,-0.385,4848,4873
c,10,-0.363,4848,4874
o,40,-0.377,4848,4875
h,3,0.147,4848,4876
n,38,0.151,4960,4927
c,22,-0.116,4960,4932
h,1,-0.291,4960,4934
c,22,0.332,4960,4935
c,22,0.138,4960,4936
h,3,0.136,4960,4937
h,3,-0.291,4960,4938
c,22,-0.116,4960,4939
h,3,0.146,4960,4940
h,3,0.142,4960,4941
c,22,-0.114,4960,4942
c,27,0.012,4960,4943
c,10,0.002,4960,4944
h,3,0.135,4960,4945
h,3,0.132,4960,4946
c,22,-0.115,4960,4947
o,40,-0.107,4960,4948
h,3,0.282,4960,4949
h,8,0.315,4960,4950
o,40,-0.384,4960,4951
h,3,0.141,4960,4952
o,40,-0.088,4960,4953
h,3,0.147,4960,4954
c,22,-0.114,4960,4955
h,3,0.147,4960,4956
c,22,-0.097,4960,4957
o,40,-0.135,4960,4958
f,92,-0.297,5027,4962
c,27,-0.393,5027,4963
c,22,-0.141,5027,4964
c,22,-0.119,5027,4965
h,3,0.056,5027,4966
h,3,0.143,5027,4967
h,3,0.145,5027,4968
h,3,0.142,5027,4969
h,3,0.141,5027,4970
c,10,-0.074,5027,4971
c,22,-0.099,5027,4972
c,22,-0.167,5027,4973
c,22,-0.113,5027,4974
c,27,0.818,5027,4975
h,3,0.811,5027,4976
n,38,0.818,5027,4977
h,3,0.132,5027,4978
o,40,-0.385,5027,4979
c,27,0.011,5027,4980
c,22,-0.105,5027,4981
h,3,0.054,5027,4982
h,3,0.134,5027,4983
c,22,-0.08,5027,4984
o,40,-0.395,5027,4985
c,22,-0.122,5027,4986
h,3,0.123,5027,4987
c,22,-0.13,5027,4988
h,3,0.142,5027,4989
c,22,-0.123,5027,4990
c,22,0.816,5027,4991
h,3,0.152,5027,4992
c,22,0.138,5027,4993
o,40,-0.384,5056,5057
c,22,-0.118,5056,5058
h,3,0.058,5056,5059
h,3,0.059,5056,5060
h,3,0.146,5056,5061
o,40,-0.395,5056,5062
h,3,0.329,5056,5063
c,27,0.332,5056,5064
c,22,-0.118,5056,5065
h,3,0.141,5056,5066
h,8,0.142,5056,5067
h,3,0.132,5056,5068
c,29,0.818,5056,5069
c,22,0.004,5056,5070
c,22,-0.119,5056,5071
c,22,-0.128,5056,5072
c,10,-0.079,5056,5073
o,40,-0.386,5056,5074
c,22,-0.118,5056,5075
c,27,0.016,5056,5076
c,29,0.011,5056,5077
h,3,0.136,5056,5078
h,3,0.132,5056,5079
c,29,-0.395,5056,5080
h,3,0.059,5056,5081
h,3,0.815,5056,5082
h,3,0.139,5083,5127
h,3,0.154,5083,5128
h,3,0.061,5083,5129
c,22,-0.115,5083,5130
o,40,-0.404,5083,5131
h,3,0.145,5083,5132
c,22,-0.117,5083,5133
c,22,-0.097,5083,5134
c,29,0.012,5083,5135
c,22,-0.119,5083,5136
n,28,-0.097,5083,5137
c,22,0.015,5083,5138
h,3,0.163,5083,5139
c,22,-0.118,5083,5140
c,22,-0.126,5083,5141
c,22,-0.393,5083,5142
c,27,0.016,5083,5143
c,22,-0.119,5083,5144
o,40,-0.386,5083,5145
c,22,-0.106,5083,5146
c,22,-0.113,5083,5147
h,3,0.012,5083,5148
h,3,0.152,5083,5149
c,22,-0.117,5083,5150
o,40,-0.384,5083,5151
c,22,0.182,5083,5152
c,22,-0.113,5083,5153
o,40,-0.384,5083,5154
o,40,0.017,5083,5155
o,40,-0.094,5083,5156
h,3,0.061,5083,5157
h,3,0.138,5083,5158
c,22,-0.118,5083,5159
c,10,-0.091,5083,5160
o,40,0.03,5083,5161
c,22,-0.111,5083,5162
c,22,-0.122,5083,5163
c,27,-0.135,5083,5164
h,3,0.139,5221,5165
h,3,-0.085,5221,5166
c,22,-0.115,5221,5167
c,27,0.818,5221,5168
c,22,-0.126,5221,5169
h,3,0.132,5221,5170
c,22,-0.122,5221,5171
h,3,0.132,5221,5172
h,3,0.138,5221,5173
h,3,0.142,5221,5174
c,22,-0.097,5221,5175
c,22,-0.114,5221,5176
c,22,-0.111,5221,5177
c,28,0.008,5221,5178
o,40,-0.191,5221,5179
h,3,0.149,5221,5180
c,22,0.133,5221,5181
c,10,0.188,5221,5182
h,3,0.146,5221,5183
c,10,-0.404,5221,5184
h,3,0.062,5221,5185
c,22,-0.118,5221,5186
o,36,-0.388,5221,5187
o,40,-0.388,5221,5188
h,3,0.145,5221,5189
o,40,-0.107,5221,5190
c,22,-0.114,5221,5191
o,40,0.016,5221,5192
c,22,-0.134,5221,5193
o,40,-0.384,5221,5194
c,22,-0.191,5269,5239
o,40,-0.382,5269,5240
c,22,-0.123,5269,5241
h,3,0.136,5269,5242
h,3,0.282,5269,5243
c,29,0.011,5269,5244
h,3,0.282,5269,5245
c,22,-0.106,5269,5246
c,22,-0.114,5269,5247
c,22,-0.111,5269,5248
n,38,-0.383,5269,5249
h,3,0.142,5269,5250
o,40,-0.378,5269,5251
c,26,0.059,5269,5252
c,22,-0.115,5269,5254
h,3,0.141,5269,5255
c,22,-0.118,5269,5256
c,22,0.142,5269,5257
c,22,0.332,5269,5258
h,3,0.155,5269,5259
h,3,0.134,5269,5260
h,3,0.147,5269,5261
o,40,-0.079,5299,5276
h,3,0.135,5299,5277
h,3,0.155,5299,5278
o,40,-0.383,5299,5300
h,3,0.817,5299,5301
c,27,0.018,5299,5302
o,40,0.816,5299,5303
o,40,-0.398,5299,5304
n,38,0.019,5299,5305
h,3,0.147,5299,5306
h,3,0.142,5299,5307
c,22,-0.094,5299,5308
c,29,-0.394,5299,5309
o,40,-0.383,5299,5310
c,22,0.012,5299,5311
h,3,0.142,5299,5312
o,40,-0.393,5299,5313
n,38,0.135,5299,5314
c,22,0.118,5299,5315
h,3,0.142,5341,5334
c,22,0.133,5341,5335
o,40,-0.381,5341,5338
c,28,0.012,5341,5339
c,22,-0.142,5341,5340
c,22,-0.114,5341,5342
h,3,0.136,5341,5343
c,22,-0.113,5341,5344
c,27,0.018,5341,5345
h,3,0.142,5341,5346
o,40,0.007,5341,5347
o,40,-0.097,5341,5348
h,3,0.059,5341,5349
h,3,0.142,5341,5350
h,3,0.132,5341,5351
h,3,0.142,5341,5352
h,3,0.136,5341,5353
n,38,0.809,5341,5354
c,22,-0.121,5341,5355
o,40,-0.395,5341,5356
c,22,0.202,5341,5357
c,22,-0.111,5341,5358
c,22,-0.107,5341,5359
c,27,-0.385,5341,5360
c,22,-0.115,5341,5361
h,3,0.059,5341,5362
c,22,0.142,5341,5363
h,3,0.163,5341,5364
h,3,-0.132,5398,5376
c,26,-0.095,5398,5377
h,3,0.163,5398,5378
h,3,0.126,5398,5379
h,3,0.058,5398,5380
c,22,0.002,5398,5381
c,22,-0.114,5398,5382
c,28,0.144,5398,5383
o,50,-0.086,5398,5384
c,22,-0.121,5398,5385
h,3,0.012,5398,5386
c,27,0.009,5398,5387
c,22,-0.113,5398,5388
c,26,-0.388,5398,5389
h,3,0.061,5398,5390
c,22,-0.118,5398,5391
c,22,-0.142,5398,5392
c,22,-0.122,5398,5393
c,21,0.118,5398,5394
c,10,-0.395,5398,5395
o,40,-0.39,5398,5396
c,22,-0.13,5398,5397
c,22,-0.118,5398,5426
h,3,0.136,5398,5427
h,3,-0.122,5398,5428
c,22,-0.113,5398,5429
c,22,-0.133,5430,5431
n,38,-0.389,5430,5432
n,38,0.814,5430,5433
c,22,-0.123,5430,5434
c,10,-0.343,5430,5435
c,22,-0.118,5430,5436
c,29,0.008,5430,5437
h,3,0.145,5430,5438
h,3,0.141,5430,5439
c,22,-0.111,5430,5440
c,195,-0.083,5430,5441
o,40,-0.392,5430,5442
h,3,0.058,5430,5443
c,28,-0.112,5430,5444
h,3,0.137,5430,5445
c,27,-0.148,5430,5446
h,3,0.138,5430,5447
h,3,0.142,5430,5448
c,22,-0.12,5430,5449
c,22,-0.122,5430,5450
n,38,0.104,5430,5451
h,3,0.161,5430,5452
h,3,0.133,5430,5453
c,22,-0.126,5430,5454
c,28,0.144,5430,5455
h,3,0.142,5430,5456
c,22,-0.122,5552,5484
h,3,0.153,5552,5485
h,3,0.154,5552,5486
c,22,-0.124,5552,5487
c,27,0.017,5552,5488
h,3,0.139,5552,5489
c,22,-0.113,5552,5490
n,38,-0.12,5552,5491
c,22,-0.118,5552,5492
h,3,0.129,5552,5493
c,22,-0.105,5552,5494
c,22,-0.148,5552,5495
h,3,0.132,5552,5496
c,22,0.182,5552,5502
o,40,-0.382,5552,5503
h,3,0.125,5552,5504
c,22,0.055,5552,5506
c,27,0.015,5552,5507
c,22,0.023,5552,5508
c,22,-0.119,5552,5509
c,22,-0.119,5552,5510
o,40,-0.393,5552,5511
h,3,-0.119,5552,5512
n,32,-0.412,5552,5513
h,3,0.142,5552,5514
o,40,-0.384,5552,5515
c,22,0.142,5552,5516
n,38,0.814,5552,5517
h,3,0.145,5552,5518
c,27,-0.11,5552,5519
o,40,-0.089,5552,5524
c,29,-0.079,5552,5526
c,27,-0.392,5552,5527
o,40,-0.082,5552,5528
c,22,-0.13,5552,5563
c,22,-0.126,5552,5564
h,3,0.135,5552,5565
c,22,-0.118,5552,5566
h,3,0.147,5552,5567
h,3,0.134,5552,5568
h,3,0.142,5569,5586
c,27,-0.385,5569,5587
c,22,-0.105,5569,5588
h,3,0.007,5569,5589
c,22,-0.383,5569,5590
c,22,-0.108,5569,5591
h,3,0.136,5569,5592
h,3,0.149,5569,5593
o,40,-0.418,5569,5594
o,40,0.009,5569,5595
o,40,-0.385,5569,5596
c,29,0.017,5569,5597
c,22,0.15,5569,5598
c,22,0.118,5569,5599
c,22,-0.115,5569,5600
c,22,-0.105,5569,5601
c,22,-0.113,5641,5622
c,22,-0.121,5641,5623
c,29,-0.091,5641,5624
c,22,-0.113,5641,5625
c,22,0.182,5641,5626
c,22,-0.114,5641,5627
c,22,0.133,5641,5628
c,22,-0.118,5641,5629
h,3,0.152,5641,5630
h,3,0.135,5641,5631
h,3,0.136,5641,5632
o,40,-0.385,5641,5633
h,3,-0.125,5641,5634
h,3,0.282,5641,5635
c,22,-0.067,5641,5636
c,22,0.332,5641,5637
c,27,0.011,5641,5638
c,27,-0.092,5641,5639
c,27,-0.142,5641,5640
c,22,-0.114,5670,5656
c,22,-0.116,5670,5657
h,3,0.134,5670,5658
c,22,-0.142,5670,5659
c,22,-0.114,5670,5660
h,3,0.138,5670,5661
c,195,-0.085,5670,5662
h,3,0.148,5670,5663
c,27,0.816,5670,5664
c,22,-0.114,5670,5665
n,195,-0.135,5670,5666
c,22,-0.393,5670,5667
c,22,-0.114,5670,5668
h,3,0.153,5670,5669
h,3,-0.12,5719,5685
h,3,-0.112,5719,5686
c,22,-0.127,5719,5687
n,38,0.813,5719,5688
h,3,0.138,5719,5689
c,22,-0.113,5719,5690
h,3,0.144,5719,5691
c,27,-0.088,5719,5692
c,22,0.816,5719,5693
h,3,0.282,5719,5696
c,27,0.009,5719,5697
h,3,0.134,5719,5698
c,22,-0.125,5719,5699
c,22,-0.118,5719,5700
c,22,0.005,5719,5701
n,38,0.818,5719,5702
o,40,-0.39,5719,5703
c,26,-0.11,5719,5704
c,22,-0.114,5719,5705
h,3,0.055,5719,5706
h,1,0.801,5719,5707
c,26,0.007,5719,5708
c,27,0.005,5719,5709
n,35,0.819,5719,5710
c,29,0.055,5722,5723
h,3,-0.119,5722,5724
c,22,-0.114,5722,5725
c,10,0.024,5722,5726
h,3,0.056,5722,5727
h,3,0.152,5722,5728
c,22,-0.142,5722,5729
c,27,-0.393,5722,5730
o,40,-0.395,5722,5731
h,3,0.142,5722,5732
h,3,0.132,5722,5733
c,22,-0.142,5722,5734
h,1,0.145,5722,5735
c,22,-0.124,5722,5736
h,3,0.054,5722,5737
n,32,-0.191,5722,5738
h,3,0.134,5722,5739
c,22,0.004,5722,5740
o,40,-0.391,5722,5741
o,40,-0.398,5722,5742
c,22,-0.148,5722,5743
c,22,0.012,5722,5744
o,40,-0.383,5722,5745
c,10,0.011,5722,5746
o,40,-0.383,5722,5747
c,22,-0.116,5722,5748
h,3,0.149,5722,5749
c,14,0.814,5722,5750
c,22,-0.388,5814,5779
h,3,-0.106,5814,5780
h,3,0.141,5814,5781
o,40,-0.079,5814,5782
c,27,0.011,5814,5783
c,21,-0.134,5814,5784
c,22,-0.114,5814,5785
c,22,-0.121,5814,5786
h,3,0.12,5814,5787
h,3,0.132,5814,5788
h,3,0.14,5814,5789
h,1,-0.074,5814,5790
c,22,0.055,5814,5791
c,22,-0.115,5814,5792
h,3,0.148,5814,5793
c,22,0.112,5814,5794
o,40,-0.377,5814,5795
o,40,-0.085,5851,5815
c,27,0.016,5851,5816
h,3,0.058,5851,5817
h,3,0.061,5851,5818
c,16,-0.191,5851,5819
n,38,0.047,5851,5820
c,22,-0.114,5851,5821
c,26,-0.085,5851,5822
h,3,0.136,5851,5823
h,3,0.149,5851,5824
o,40,-0.398,5851,5825
n,38,-0.085,5851,5826
c,22,-0.087,5851,5827
h,3,0.139,5851,5828
h,3,0.142,5851,5829
o,52,-0.191,5851,5830
c,27,0.012,5851,5852
c,27,0.007,5851,5853
c,27,-0.083,5851,5854
c,22,-0.116,5855,5856
c,22,-0.093,5855,5857
o,40,0.059,5855,5858
h,3,0.146,5855,5859
h,3,0.332,5855,5860
h,3,0.129,5855,5861
c,22,0.004,5855,5862
c,22,-0.124,5855,5863
h,3,0.143,5855,5864
c,22,-0.119,5855,5865
h,3,0.059,5855,5866
c,22,-0.093,5855,5867
h,3,0.132,5855,5868
c,22,-0.114,5855,5869
c,29,0.112,5855,5870
c,10,-0.393,5855,5871
c,27,0.021,5855,5872
h,3,0.118,5855,5873
o,40,0.005,5855,5874
c,27,-0.092,5855,5875
c,22,-0.126,5855,5876
c,22,-0.128,5855,5877
c,22,0.188,5855,5878
h,3,0.112,5855,5879
c,27,-0.092,5855,5880
c,27,0.016,5855,5881
h,3,0.142,5855,5882
c,22,-0.113,5855,5883
c,22,-0.116,5855,5884
c,22,-0.074,5855,5885
h,3,0.163,5855,5886
c,22,-0.115,5855,5887
h,3,0.152,5855,5888
c,22,0.002,5855,5889
c,22,-0.074,5855,5890
c,22,-0.111,5855,5891
c,195,-0.137,5855,5892
c,22,-0.125,5855,5893
c,22,-0.115,5855,5894
o,40,-0.383,5855,5895
c,22,-0.113,5968,5969
h,3,0.332,5968,5970
o,40,-0.389,5968,5971
o,40,-0.377,5968,5972
o,45,0.113,5968,5973
c,10,-0.093,5968,5974
h,3,0.148,5968,5975
h,3,0.136,5968,5976
c,21,-0.393,5968,5977
c,22,-0.118,5968,5978
c,22,-0.127,5968,5979
h,3,0.138,5968,5980
c,28,0.015,5968,5981
c,22,-0.085,5968,5982
c,22,-0.142,5968,5983
c,16,-0.074,5968,5984
o,40,-0.386,5968,5985
c,22,-0.125,5968,5986
c,22,0.015,5968,5987
o,40,-0.377,5968,5988
h,3,0.123,5968,5989
c,22,-0.118,5968,5990
n,34,-0.423,5968,5991
c,195,0.055,5968,5992
o,40,-0.094,5968,5993
h,3,0.137,5968,5994
c,22,-0.105,5968,5995
n,38,-0.12,6020,5996
o,40,-0.381,6020,5997
c,29,0.011,6020,5998
c,22,-0.124,6020,5999
h,3,0.288,6020,6000
c,22,-0.13,6020,6001
o,40,-0.386,6020,6002
o,40,-0.384,6020,6003
o,40,-0.394,6020,6004
c,27,-0.088,6020,6005
h,3,0.14,6020,6006
c,22,-0.123,6020,6007
c,22,-0.114,6020,6008
h,3,0.138,6020,6009
h,3,0.152,6020,6010
c,22,0.801,6020,6011
h,3,0.145,6020,6012
c,22,0.182,6020,6013
h,3,0.145,6020,6014
c,22,-0.126,6020,6015
c,22,-0.113,6020,6016
c,27,-0.403,6020,6017
c,22,0.816,6020,6018
h,3,0.142,6020,6019
h,3,0.132,6020,6021
c,27,-0.115,6082,6081
h,3,0.138,6082,6083
n,38,-0.085,6082,6084
h,3,0.147,6082,6085
h,3,0.132,6082,6086
c,22,-0.124,6082,6087
o,40,-0.081,6082,6088
h,3,0.142,6082,6089
h,3,0.138,6082,6090
c,22,-0.121,6082,6091
c,27,0.805,6082,6092
h,3,0.062,6082,6093
o,40,-0.108,6082,6094
h,3,0.145,6082,6095
c,22,0.816,6082,6096
o,40,-0.404,6082,6097
c,22,-0.392,6082,6098
h,3,0.061,6082,6099
c,22,-0.115,6082,6100
c,27,0.012,6082,6101
h,3,0.149,6082,6102
c,22,-0.109,6082,6103
c,22,-0.127,6082,6104
o,40,-0.391,6082,6105
c,22,-0.126,6082,6106
h,3,0.059,6082,6107
c,22,-0.118,6082,6108
c,22,-0.119,6082,6109
c,27,-0.08,6082,6110
c,22,-0.118,6082,6111
c,22,-0.097,6132,6112
c,22,0.005,6132,6113
c,22,-0.117,6132,6114
c,22,-0.114,6132,6115
c,29,-0.11,6132,6116
c,29,0.008,6132,6117
n,32,-0.089,6132,6118
c,29,0.008,6132,6119
o,40,-0.398,6132,6120
c,22,-0.115,6132,6121
o,40,-0.393,6132,6122
c,22,-0.115,6132,6123
c,28,0.008,6132,6124
h,3,0.142,6132,6125
c,21,-0.135,6132,6126
c,16,0.009,6132,6127
c,22,-0.119,6132,6128
h,3,0.134,6132,6129
h,3,0.152,6132,6130
c,22,-0.118,6132,6131
c,27,-0.384,6155,6153
o,40,-0.382,6155,6154
h,1,0.133,6155,6174
h,3,0.127,6155,6175
c,22,-0.125,6155,6176
h,3,-0.12,6155,6177
c,29,0.016,6155,6178
c,22,-0.113,6155,6179
c,29,0.112,6155,6180
c,27,0.008,6155,6181
c,22,-0.121,6155,6182
h,3,0.073,6155,6183
h,3,0.118,6155,6184
c,22,-0.116,6155,6185
h,1,0.816,6155,6186
c,22,0.816,6155,6187
n,35,0.09,6155,6188
c,22,-0.109,6155,6189
h,3,0.057,6194,6195
c,22,-0.117,6194,6196
c,27,0.818,6194,6197
c,22,0.004,6194,6198
h,3,0.152,6194,6199
c,22,-0.115,6194,6200
n,38,0.806,6194,6201
o,40,-0.382,6194,6202
c,22,-0.118,6194,6203
c,29,0.021,6194,6204
c,22,0.188,6194,6205
c,22,-0.114,6194,6206
o,40,-0.089,6194,6207
c,22,-0.113,6194,6208
c,22,-0.122,6194,6209
c,22,-0.114,6194,6210
c,27,-0.379,6194,6211
o,40,-0.377,6194,6212
c,29,0.011,6194,6213
h,3,0.134,6194,6214
c,28,0.008,6194,6215
c,22,-0.114,6194,6216
h,3,0.282,6194,6217
c,22,-0.105,6194,6218
h,3,0.007,6194,6219
c,10,0.017,6194,6220
h,3,0.144,6275,6245
h,3,0.152,6275,6246
c,22,-0.115,6275,6247
c,22,0.138,6275,6248
h,3,0.057,6275,6249
c,27,0.005,6275,6250
h,3,0.08,6275,6251
o,40,-0.391,6275,6252
c,22,-0.067,6275,6253
c,27,-0.173,6275,6260
c,22,-0.116,6275,6261
h,3,-0.132,6275,6262
c,22,0.816,6275,6263
n,32,-0.398,6275,6264
h,3,0.145,6275,6265
c,22,-0.128,6275,6266
h,3,0.054,6275,6267
c,29,-0.135,6275,6268
h,3,0.141,6275,6269
o,40,-0.413,6275,6270
c,22,-0.128,6275,6271
h,3,0.149,6275,6272
c,22,-0.114,6275,6273
h,3,0.112,6275,6274
c,22,-0.114,6275,6276
c,27,-0.389,6275,6277
o,40,-0.383,6275,6278
c,29,0.008,6275,6279
c,28,0.012,6352,6318
c,22,0.332,6352,6319
o,40,-0.398,6352,6320
c,10,0.805,6352,6321
c,22,-0.122,6352,6322
c,22,-0.115,6352,6323
c,22,-0.122,6352,6324
h,8,-0.067,6352,6325
h,3,0.176,6352,6326
h,3,0.073,6352,6329
c,22,-0.097,6352,6330
h,3,0.141,6352,6331
c,22,-0.119,6352,6332
c,29,0.002,6352,6333
h,3,0.108,6352,6334
c,22,-0.115,6352,6335
o,40,-0.383,6352,6336
h,3,0.132,6352,6337
f,45,-0.082,6352,6338
c,22,0.138,6352,6339
h,3,0.136,6352,6340
c,22,0.104,6352,6341
c,27,-0.091,6352,6342
c,22,-0.142,6352,6343
c,27,-0.107,6402,6361
o,40,-0.086,6402,6362
c,27,-0.148,6402,6363
h,3,0.118,6402,6364
c,22,-0.112,6402,6365
h,3,0.152,6402,6366
h,3,0.066,6402,6367
c,29,0.332,6402,6368
c,27,-0.11,6402,6369
h,3,0.141,6402,6370
c,22,-0.13,6402,6371
h,3,0.132,6402,6372
h,3,0.315,6402,6373
c,10,-0.091,6402,6374
c,22,-0.114,6402,6375
c,22,-0.109,6402,6376
h,3,0.132,6402,6377
c,22,-0.119,6402,6378
c,22,-0.148,6402,6379
h,3,0.129,6402,6380
c,22,0.008,6402,6381
h,3,-0.12,6402,6382
o,40,-0.392,6402,6383
o,40,-0.383,6402,6384
c,22,-0.118,6402,6385
h,3,0.148,6402,6386
c,21,0.005,6402,6387
n,92,-0.385,6402,6388
n,38,0.817,6402,6389
c,22,-0.115,6402,6390
o,40,-0.377,6430,6416
h,3,0.152,6430,6417
h,3,0.136,6430,6418
o,40,-0.135,6430,6419
c,22,-0.067,6430,6420
c,22,-0.118,6430,6421
c,10,0.007,6430,6422
c,29,0.017,6430,6423
c,22,-0.142,6430,6424
h,3,0.13,6430,6425
c,22,0.118,6430,6426
c,14,0.017,6430,6427
c,27,-0.119,6430,6428
n,38,-0.119,6430,6429
c,22,-0.122,6445,6446
c,22,-0.133,6445,6447
c,29,0.002,6445,6448
o,45,-0.393,6445,6449
c,27,-0.119,6445,6450
o,40,-0.104,6445,6451
c,22,-0.124,6445,6452
c,27,0.332,6445,6453
o,40,-0.384,6445,6454
c,27,0.014,6445,6455
o,40,-0.388,6445,6456
h,3,0.149,6445,6457
h,3,0.149,6445,6458
c,22,-0.388,6445,6459
h,3,0.144,6445,6460
h,3,0.163,6445,6461
h,3,0.147,6445,6462
h,3,-0.12,6445,6463
c,22,0.15,6445,6464
c,29,0.141,6445,6465
h,3,0.133,6445,6466
h,3,0.056,6445,6467
c,22,-0.118,6445,6468
h,3,0.132,6445,6469
c,29,0.008,6445,6470
c,22,-0.119,6445,6471
h,3,0.136,6445,6472
h,3,0.155,6445,6473
o,40,-0.148,6445,6474
h,3,0.15,6445,6475
c,22,-0.118,6445,6476
h,3,-0.12,6445,6477
c,27,0.007,6445,6478
c,22,-0.116,6445,6479
o,40,-0.116,6546,6520
c,22,-0.119,6546,6521
o,40,-0.089,6546,6522
o,40,-0.412,6546,6523
c,22,-0.114,6546,6524
o,40,-0.412,6546,6525
h,3,0.047,6546,6526
c,22,-0.118,6546,6527
h,3,0.056,6546,6528
c,22,-0.13,6546,6529
c,22,-0.115,6546,6530
c,29,0.818,6546,6531
c,22,-0.125,6546,6532
c,22,-0.134,6546,6533
o,40,-0.386,6546,6534
o,40,-0.088,6546,6535
h,3,0.141,6546,6536
o,40,-0.385,6546,6537
c,27,-0.107,6546,6538
c,22,-0.113,6546,6539
o,40,-0.404,6546,6540
c,195,0.009,6546,6541
o,40,-0.393,6546,6542
o,40,-0.381,6546,6543
o,40,-0.412,6546,6544
o,40,-0.382,6546,6545
h,3,0.149,6602,6600
h,3,0.137,6602,6601
c,22,0.061,6602,6603
h,3,0.132,6602,6604
h,3,0.047,6602,6605
c,22,-0.106,6602,6606
c,27,0.818,6602,6607
c,22,-0.126,6602,6608
o,40,-0.394,6602,6609
c,27,0.011,6602,6610
h,3,0.145,6602,6611
c,10,-0.413,6602,6612
h,3,0.146,6602,6613
c,22,-0.13,6602,6614
h,3,0.132,6602,6615
c,22,-0.115,6602,6616
n,38,-0.085,6602,6617
c,22,-0.128,6602,6618
c,22,-0.118,6602,6619
c,22,-0.074,6602,6620
h,1,-0.131,6602,6621
h,3,0.136,6602,6622
h,3,-0.118,6602,6623
h,3,0.132,6602,6624
c,28,0.002,6602,6625
h,3,0.138,6649,6626
c,27,-0.393,6649,6627
o,40,-0.386,6649,6628
c,29,0.144,6649,6650
o,40,-0.391,6649,6651
c,22,-0.109,6649,6652
h,3,0.134,6649,6653
c,22,-0.067,6649,6654
c,22,0.096,6649,6655
c,27,0.055,6649,6656
h,3,0.163,6649,6657
o,50,-0.084,6649,6658
o,40,-0.395,6649,6659
o,40,-0.382,6649,6660
n,195,0.814,6649,6661
c,29,-0.394,6649,6662
c,27,0.018,6649,6663
c,27,-0.388,6649,6664
h,3,0.145,6649,6665
o,40,0.059,6666,6667
o,40,-0.144,6666,6668
c,22,-0.127,6666,6669
c,22,0.012,6666,6670
h,3,0.282,6666,6671
c,22,-0.137,6666,6672
c,22,-0.119,6666,6673
c,28,0.059,6666,6674
n,38,0.138,6666,6675
o,40,-0.384,6666,6676
o,40,-0.383,6666,6677
h,3,0.148,6666,6678
c,29,0.141,6666,6679
c,22,0.015,6666,6680
h,3,0.147,6666,6681
c,22,-0.123,6666,6682
h,3,0.123,6666,6683
c,22,-0.124,6666,6684
h,3,0.152,6666,6685
c,22,-0.116,6666,6686
h,1,0.816,6666,6687
h,3,0.132,6666,6688
c,27,-0.404,6666,6689
h,3,0.056,6666,6690
h,3,0.822,6666,6691
o,40,-0.388,6666,6692
c,27,0.012,6743,6721
c,22,-0.126,6743,6722
c,22,-0.118,6743,6723
h,3,0.152,6743,6724
h,3,0.163,6743,6725
c,22,0.142,6743,6726
c,26,0.008,6743,6727
c,22,-0.118,6743,6732
c,22,-0.119,6743,6733
h,3,0.817,6743,6734
c,29,0.004,6743,6735
c,21,0.005,6743,6736
c,22,-0.113,6743,6737
h,3,0.134,6743,6738
c,27,0.011,6743,6739
n,38,0.146,6743,6740
n,38,-0.086,6743,6741
c,22,-0.114,6743,6742
h,3,0.163,6743,6744
c,22,-0.137,6743,6745
h,3,0.132,6743,6748
c,22,-0.088,6743,6749
o,40,-0.392,6743,6750
c,22,-0.122,6743,6751
c,27,0.005,6802,6803
o,40,-0.377,6802,6804
c,27,0.012,6802,6805
h,3,0.118,6802,6806
o,40,-0.384,6802,6807
h,3,0.054,6802,6808
c,22,-0.133,6802,6809
c,22,-0.125,6802,6810
h,3,0.162,6802,6811
o,40,-0.378,6802,6812
o,40,-0.398,6802,6813
h,3,0.127,6802,6814
c,22,0.046,6802,6815
h,3,0.145,6802,6816
c,21,0.055,6802,6817
c,22,-0.089,6802,6818
h,3,0.14,6802,6819
h,3,0.142,6802,6820
h,3,0.141,6802,6821
o,40,-0.377,6802,6822
h,3,0.112,6802,6823
c,22,-0.12,6802,6824
h,3,0.104,6802,6825
c,29,-0.079,6802,6826
c,22,-0.113,6802,6827
c,22,0.145,6802,6828
n,38,0.807,6802,6829
o,51,-0.388,6802,6830
h,3,0.142,6802,6831
c,22,-0.114,6802,6832
c,22,0.153,6802,6833
c,27,-0.08,6802,6834
o,40,-0.379,6802,6835
c,22,0.15,6802,6836
c,22,-0.123,6802,6837
c,22,-0.111,6802,6838
h,3,0.066,6802,6839
c,22,-0.383,6802,6840
n,38,0.162,6901,6878
h,3,0.163,6901,6879
c,22,0.142,6901,6880
h,3,0.163,6901,6881
c,27,0.021,6901,6882
h,3,0.133,6901,6883
c,22,-0.08,6901,6884
h,3,0.817,6901,6885
h,3,0.163,6901,6886
h,3,0.136,6901,6887
h,3,0.149,6901,6888
c,22,-0.113,6901,6889
h,3,0.134,6901,6890
h,3,0.158,6901,6891
c,22,-0.368,6901,6892
o,40,-0.382,6901,6893
h,3,0.132,6901,6894
h,3,0.155,6901,6895
c,29,-0.113,6901,6896
h,3,0.141,6901,6897
o,40,-0.382,6901,6898
n,32,-0.412,6901,6899
c,22,-0.137,6901,6900
h,3,0.139,6928,6929
h,3,0.132,6928,6930
c,26,-0.085,6928,6931
o,40,-0.393,6928,6932
o,40,-0.088,6928,6933
h,3,0.054,6928,6934
o,40,-0.383,6928,6935
c,22,-0.12,6928,6936
c,22,-0.12,6928,6937
c,28,0.188,6928,6938
c,22,-0.125,6928,6939
c,21,-0.122,6928,6940
c,22,-0.39,6928,6941
c,22,-0.133,6928,6942
o,40,-0.089,6928,6943
h,3,0.062,6928,6944
h,3,0.141,6928,6945
c,22,-0.119,6928,6946
o,45,-0.129,6928,6947
c,22,-0.13,6928,6948
h,3,0.149,6928,6949
c,22,-0.125,6928,6950
h,3,0.132,6928,6951
c,22,-0.127,6928,6952
c,34,-0.15,6953,6973
c,22,-0.116,6953,6974
c,28,0.163,6953,6975
c,22,0.007,6953,6976
h,3,0.147,6953,6977
o,40,-0.107,6953,6978
c,22,0.025,6953,6979
c,27,0.008,6953,6980
o,40,-0.384,6953,6981
h,3,0.145,6953,6982
h,1,0.055,6953,6983
c,27,-0.4,6953,6984
h,3,0.054,6953,6985
c,27,-0.388,6953,6986
c,22,-0.119,6953,6987
o,40,-0.383,6953,6988
o,40,-0.382,6953,6989
o,40,-0.385,6953,6990
c,27,-0.091,7013,6999
c,22,-0.118,7013,7000
h,3,0.13,7013,7001
h,1,-0.128,7013,7003
c,22,-0.122,7013,7004
c,40,-0.191,7013,7005
c,22,-0.118,7013,7006
c,22,-0.118,7013,7007
c,22,0.059,7013,7008
c,22,-0.148,7013,7009
c,29,0.021,7013,7010
c,29,0.002,7013,7011
c,22,-0.119,7013,7012
c,14,0.143,7013,7014
c,22,-0.126,7013,7015
h,3,0.132,7013,7016
c,22,-0.111,7013,7017
c,22,0.015,7013,7018
h,3,0.315,7013,7019
h,3,0.155,7013,7020
h,3,0.282,7013,7021
c,22,-0.097,7037,7038
c,22,-0.114,7037,7039
c,22,-0.123,7037,7040
o,40,0.017,7037,7041
h,3,0.145,7037,7042
c,29,-0.089,7037,7043
h,3,0.144,7037,7044
o,50,-0.392,7037,7045
h,3,0.145,7037,7046
c,27,0.007,7037,7047
o,40,-0.395,7037,7048
c,27,0.011,7037,7049
h,3,0.142,7037,7050
c,22,0.104,7037,7051
o,40,0.816,7037,7052
o,40,-0.384,7037,7053
h,3,0.061,7037,7054
c,22,-0.115,7037,7055
h,3,0.142,7037,7056
c,22,-0.111,7037,7057
h,3,0.132,7037,7058
c,27,0.005,7037,7059
n,38,0.814,7037,7060
h,3,0.152,7037,7061
o,40,-0.404,7037,7062
h,3,0.149,7037,7063
c,22,-0.124,7037,7064
h,3,0.142,7037,7065
o,40,0.282,7120,7121
c,27,0.016,7120,7122
c,27,0.008,7120,7123
c,92,-0.084,7120,7124
o,40,-0.089,7120,7125
h,40,0.017,7120,7126
o,40,-0.377,7120,7127
c,27,-0.388,7120,7128
h,1,0.062,7120,7129
h,3,0.069,7120,7130
h,3,0.145,7120,7131
h,3,0.134,7120,7132
h,3,0.108,7120,7133
h,3,-0.085,7120,7134
h,3,0.147,7120,7135
c,22,-0.118,7120,7136
h,3,0.282,7120,7137
c,22,-0.133,7120,7138
c,22,-0.135,7120,7139
o,40,-0.398,7120,7140
h,3,0.058,7120,7141
o,40,-0.384,7120,7142
c,22,-0.114,7120,7143
c,22,-0.111,7120,7144
h,3,0.14,7193,7178
h,3,0.142,7193,7179
o,50,0.021,7193,7180
c,22,0.118,7193,7181
o,40,-0.086,7193,7182
c,34,-0.079,7193,7183
c,22,-0.126,7193,7184
h,3,-0.12,7193,7185
c,27,0.012,7193,7186
h,3,0.061,7193,7187
o,40,-0.144,7193,7188
h,3,0.123,7193,7189
h,3,-0.125,7193,7190
h,3,0.149,7193,7191
c,22,-0.106,7193,7192
h,3,0.147,7193,7194
h,3,0.145,7193,7195
c,22,-0.118,7193,7196
c,22,-0.142,7193,7197
n,38,0.809,7193,7198
c,22,-0.113,7193,7199
c,29,0.144,7193,7200
c,22,0.176,7193,7201
c,22,-0.116,7193,7202
h,3,0.142,7193,7203
c,22,-0.133,7193,7204
c,22,-0.118,7193,7205
o,40,-0.377,7193,7206
n,38,0.817,7193,7207
h,3,0.145,7193,7208
h,3,0.801,7193,7209
h,3,0.188,7193,7210
c,22,-0.124,7193,7211
c,22,0.118,7193,7212
n,32,-0.412,7218,7237
c,22,-0.118,7218,7238
c,22,-0.376,7218,7239
h,3,0.143,7218,7240
h,3,0.142,7218,7241
h,3,0.141,7218,7242
c,22,-0.121,7218,7243
c,29,0.009,7218,7244
c,22,-0.119,7218,7245
o,40,-0.107,7218,7246
c,22,-0.118,7218,7247
h,3,0.152,7218,7248
o,40,0.017,7218,7249
h,3,0.139,7218,7250
c,22,0.188,7218,7251
h,3,0.145,7218,7252
o,40,-0.081,7218,7253
h,3,0.282,7218,7254
c,22,0.017,7291,7255
h,3,0.288,7291,7256
c,22,0.118,7291,7257
h,3,0.058,7291,7258
o,40,-0.369,7291,7259
c,22,-0.122,7291,7260
h,3,0.056,7291,7261
h,3,0.817,7291,7262
h,3,0.142,7291,7263
o,40,-0.393,7291,7264
h,3,0.062,7291,7265
n,38,0.806,7291,7266
c,27,0.009,7291,7267
c,10,0.008,7291,7268
h,3,0.132,7291,7269
c,195,-0.084,7291,7270
h,3,0.059,7291,7271
h,3,-0.084,7291,7272
c,22,0.202,7292,7293
h,3,0.138,7292,7294
c,22,-0.118,7292,7295
c,10,-0.363,7292,7296
c,22,0.008,7292,7297
o,40,-0.079,7292,7298
h,3,0.147,7292,7299
c,22,-0.111,7292,7300
c,22,-0.118,7292,7301
c,22,-0.12,7292,7302
c,22,0.046,7292,7303
c,22,-0.133,7292,7304
h,1,0.055,7292,7305
c,22,-0.128,7292,7306
c,22,-0.119,7292,7307
h,3,0.132,7292,7308
h,3,0.129,7292,7309
h,3,0.152,7292,7310
o,40,-0.343,7292,7311
c,22,0.188,7292,7312
h,3,0.141,7292,7313
c,22,0.811,7292,7314
h,3,0.132,7292,7315
h,3,0.154,7292,7316
c,22,0.014,7292,7317
c,22,-0.114,7292,7318
c,22,-0.114,7292,7319
c,22,-0.113,7292,7320
h,3,0.139,7292,7321
o,40,-0.383,7292,7322
c,22,-0.119,7410,7354
h,3,0.142,7410,7355
c,22,0.188,7410,7356
c,22,0.315,7410,7357
c,10,-0.095,7410,7358
c,22,0.061,7410,7359
h,3,0.138,7410,7360
c,22,-0.124,7410,7361
h,3,0.118,7410,7362
c,10,-0.091,7410,7363
c,22,-0.111,7410,7364
h,3,-0.132,7410,7365
h,3,0.152,7410,7366
c,22,-0.111,7410,7367
c,22,-0.109,7410,7368
c,22,-0.118,7410,7369
h,3,0.135,7410,7370
o,40,-0.127,7410,7371
h,3,0.152,7410,7372
c,27,-0.393,7410,7373
h,3,0.132,7410,7374
n,38,0.819,7410,7411
c,22,-0.12,7410,7412
c,22,0.816,7410,7413
h,3,0.149,7410,7414
c,29,0.144,7410,7415
n,38,0.814,7410,7416
c,29,0.008,7410,7417
c,22,-0.109,7410,7418
h,3,0.136,7410,7419
h,3,0.146,7410,7420
c,22,-0.111,7410,7421
o,40,0.015,7422,7423
h,3,0.149,7422,7424
n,1,-0.119,7422,7425
c,27,0.016,7422,7426
o,49,0.055,7422,7427
c,22,-0.133,7422,7428
c,22,-0.105,7422,7429
c,22,-0.105,7422,7430
c,22,-0.133,7422,7431
o,40,-0.107,7422,7432
c,22,-0.119,7422,7433
c,93,0.129,7422,7434
o,40,-0.384,7422,7435
c,29,0.112,7422,7436
c,22,-0.084,7422,7437
o,40,-0.377,7422,7438
o,40,-0.382,7422,7439
o,25,-0.388,7422,7440
c,22,0.055,7422,7441
c,22,-0.114,7422,7442
o,40,-0.383,7422,7443
h,3,0.13,7422,7444
c,22,-0.119,7422,7445
c,22,-0.116,7422,7446
c,22,-0.118,7422,7447
o,50,-0.412,7422,7448
h,3,0.127,7422,7449
c,22,-0.119,7422,7450
c,22,-0.113,7422,7451
h,3,0.143,7422,7452
c,27,0.012,7422,7453
c,27,0.009,7422,7454
h,3,0.142,7422,7455
h,3,0.132,7422,7456
o,40,-0.384,7495,7496
c,22,-0.108,7495,7497
c,22,0.005,7495,7498
o,40,-0.384,7495,7499
h,3,0.073,7495,7500
c,10,0.108,7495,7501
h,3,0.139,7495,7502
h,3,0.142,7495,7503
c,22,0.118,7495,7504
c,22,-0.126,7495,7505
o,40,-0.384,7495,7506
o,40,-0.383,7495,7507
c,22,-0.118,7495,7508
h,1,0.145,7495,7509
o,40,-0.395,7495,7510
h,3,0.136,7495,7511
o,40,-0.392,7495,7512
c,22,0.138,7495,7513
o,40,-0.382,7495,7514
n,35,-0.111,7495,7515
c,22,-0.116,7564,7563
c,22,-0.125,7564,7565
o,40,-0.384,7564,7566
c,22,0.112,7564,7567
c,22,-0.401,7564,7568
c,22,-0.117,7564,7569
h,3,0.059,7564,7570
n,35,0.81,7564,7571
h,3,0.132,7564,7572
h,3,0.129,7564,7573
h,3,0.054,7564,7574
h,3,-0.119,7564,7575
h,3,0.144,7564,7576
o,40,-0.39,7564,7577
h,3,0.059,7564,7578
o,40,-0.388,7564,7579
c,22,-0.107,7564,7580
c,22,-0.122,7564,7581
c,28,-0.388,7564,7582
n,32,-0.388,7564,7583
c,27,0.015,7564,7584
c,26,-0.08,7564,7585
c,27,-0.386,7564,7586
h,3,0.163,7564,7587
c,22,0.055,7640,7615
c,22,-0.148,7640,7616
o,40,-0.381,7640,7617
h,3,0.123,7640,7618
o,40,-0.382,7640,7619
h,3,0.138,7640,7620
n,38,0.806,7640,7621
n,32,-0.086,7640,7622
c,22,-0.114,7640,7623
h,3,0.152,7640,7624
h,3,0.141,7640,7625
h,3,0.139,7640,7626
c,27,-0.085,7640,7627
c,22,-0.105,7640,7628
o,40,-0.099,7640,7629
h,3,0.142,7640,7630
c,22,-0.074,7640,7631
h,3,0.142,7640,7632
c,36,-0.084,7640,7633
n,38,-0.119,7640,7634
c,26,0.015,7640,7635
c,29,0.055,7640,7636
h,3,0.328,7640,7637
o,40,-0.386,7640,7638
c,22,-0.118,7640,7639
h,3,0.315,7665,7641
h,3,0.136,7665,7642
c,10,-0.091,7665,7643
c,29,0.002,7665,7644
h,3,0.282,7665,7645
c,22,0.009,7665,7646
c,22,-0.123,7665,7647
h,3,0.146,7665,7648
o,40,-0.388,7665,7649
c,22,-0.109,7665,7650
h,3,0.108,7665,7651
c,27,-0.08,7665,7652
n,38,0.81,7665,7653
c,22,-0.074,7665,7654
h,3,0.154,7665,7655
c,10,-0.091,7665,7656
h,3,0.142,7665,7657
c,22,-0.125,7665,7658
c,22,-0.124,7665,7659
o,40,-0.388,7665,7660
c,22,-0.111,7665,7661
h,3,0.132,7665,7662
c,22,-0.111,7665,7663
h,3,0.135,7665,7664
c,10,0.017,7665,7666
o,40,-0.388,7721,7722
c,22,-0.122,7721,7723
c,16,-0.104,7721,7724
c,22,-0.142,7721,7725
h,3,0.062,7721,7726
c,27,0.016,7721,7727
o,40,-0.39,7721,7728
h,3,0.148,7721,7729
c,22,-0.118,7721,7730
h,3,0.073,7721,7731
h,3,0.132,7721,7732
h,3,0.147,7721,7733
h,3,0.132,7721,7734
h,3,0.056,7721,7735
h,3,0.058,7721,7736
h,3,0.108,7721,7737
h,3,0.132,7721,7738
c,26,0.059,7721,7739
c,10,-0.091,7721,7740
c,22,-0.128,7721,7741
c,27,0.011,7721,7742
h,3,0.062,7721,7743
c,22,-0.121,7721,7744
h,3,0.062,7721,7745
h,3,0.141,7721,7746
h,3,0.138,7721,7747
c,22,0.059,7721,7748
c,22,-0.109,7777,7778
h,3,0.136,7777,7779
o,40,-0.382,7777,7780
c,22,-0.109,7777,7781
c,22,-0.125,7777,7782
o,40,-0.393,7777,7783
h,3,0.145,7777,7784
n,38,0.814,7777,7785
c,28,0.008,7777,7786
o,40,-0.377,7777,7787
h,3,0.163,7777,7788
c,22,0.008,7777,7789
h,3,0.061,7777,7790
h,3,0.112,7777,7791
c,22,-0.126,7777,7792
h,3,-0.132,7777,7793
c,22,0.133,7777,7794
c,27,0.017,7777,7795
h,3,0.058,7777,7796
h,3,0.147,7777,7797
h,3,0.057,7777,7798
h,3,-0.106,7777,7799
h,3,0.127,7777,7800
c,29,0.144,7777,7801
c,27,0.005,7777,7802
h,3,0.136,7777,7803
h,3,0.188,7851,7819
c,22,-0.122,7851,7820
c,38,0.138,7851,7821
c,92,-0.083,7851,7822
h,3,0.056,7851,7823
h,3,0.108,7851,7824
o,40,-0.383,7851,7825
c,27,0.818,7851,7826
c,22,0.816,7851,7827
n,38,0.017,7851,7828
h,3,0.138,7851,7829
h,8,0.143,7851,7830
h,3,0.132,7851,7831
c,27,0.009,7851,7832
h,3,0.142,7851,7833
c,27,-0.083,7851,7834
o,40,0.005,7851,7835
c,16,-0.074,7851,7836
c,22,0.144,7851,7837
c,22,-0.118,7851,7838
h,3,0.061,7851,7839
h,3,0.288,7851,7840
c,22,-0.125,7851,7841
h,3,0.137,7851,7842
h,3,0.129,7851,7843
c,27,0.008,7851,7844
h,3,0.147,7851,7845
h,3,0.147,7851,7846
o,40,-0.389,7851,7847
c,22,-0.122,7851,7848
c,27,0.011,7851,7849
c,22,-0.122,7851,7850
c,29,0.012,7900,7874
c,27,0.006,7900,7875
c,22,-0.115,7900,7876
c,29,0.008,7900,7877
h,3,0.129,7900,7878
c,10,-0.089,7900,7879
n,32,-0.412,7900,7880
n,34,-0.133,7900,7881
o,40,-0.107,7900,7882
c,22,-0.122,7900,7883
c,27,0.018,7900,7884
h,3,0.141,7900,7885
h,3,0.146,7900,7886
o,40,-0.384,7900,7887
c,22,-0.097,7900,7888
h,3,0.132,7900,7889
h,3,0.059,7900,7890
o,40,-0.104,7900,7891
h,3,0.139,7900,7892
c,22,-0.119,7900,7893
h,3,0.058,7900,7894
c,22,0.009,7900,7895
h,3,-0.12,7900,7896
c,22,-0.117,7900,7897
c,22,-0.097,7900,7898
n,38,0.818,7900,7899
c,22,0.118,7972,7927
o,40,-0.384,7972,7928
h,3,0.149,7972,7929
c,22,-0.116,7972,7930
h,3,0.139,7972,7931
h,3,0.145,7972,7932
c,16,-0.089,7972,7933
c,22,-0.119,7972,7934
c,27,-0.084,7972,7935
n,38,0.818,7972,7936
c,22,-0.123,7972,7937
h,3,0.188,7972,7938
c,22,-0.125,7972,7939
c,14,-0.074,7972,7940
c,27,-0.393,7972,7941
c,22,-0.117,7972,7942
c,22,-0.107,7972,7973
c,22,-0.114,7972,7974
c,22,-0.115,7972,7975
c,10,-0.079,7972,7976
h,3,0.138,7972,7977
h,3,-0.12,7972,7978
h,3,0.163,7972,7979
c,22,-0.115,7972,7980
h,3,0.019,7972,7981
o,40,-0.079,7972,7982
c,28,0.818,7972,7983
c,28,0.144,7984,8001
o,40,-0.398,7984,8002
c,29,0.002,7984,8003
h,3,0.145,7984,8004
o,40,-0.094,7984,8005
h,3,0.148,7984,8006
h,3,0.188,7984,8007
c,22,-0.125,7984,8008
c,29,-0.191,7984,8009
h,3,0.141,7984,8010
h,3,0.148,7984,8011
c,28,0.008,7984,8012
c,27,0.005,7984,8013
c,27,0.021,7984,8014
c,29,0.002,7984,8015
c,22,-0.114,7984,8016
h,3,0.133,8021,8035
c,22,0.133,8021,8036
h,3,0.142,8021,8037
o,40,-0.384,8021,8038
c,28,0.012,8021,8039
h,3,0.132,8021,8040
o,40,-0.391,8021,8041
h,3,0.134,8021,8042
h,3,0.152,8021,8043
o,38,-0.393,8021,8044
o,40,-0.384,8021,8045
c,28,-0.393,8021,8046
c,27,-0.085,8021,8047
c,22,-0.115,8021,8048
c,22,-0.109,8021,8049
c,22,0.012,8021,8050
h,3,0.059,8021,8051
h,3,0.155,8093,8063
h,3,0.054,8093,8064
h,3,0.152,8093,8065
c,27,-0.084,8093,8066
c,22,-0.126,8093,8067
h,3,0.132,8093,8068
c,29,0.332,8093,8069
h,3,0.147,8093,8070
o,40,-0.394,8093,8071
c,27,0.816,8093,8072
c,22,-0.118,8093,8073
c,27,0.007,8093,8074
c,22,-0.111,8093,8075
o,40,-0.385,8093,8076
c,230,-0.074,8093,8078
c,22,-0.123,8093,8079
o,40,-0.392,8093,8080
c,10,-0.081,8093,8081
c,27,0.012,8093,8082
o,40,-0.107,8093,8083
c,22,-0.119,8093,8084
c,10,-0.095,8093,8085
c,22,-0.148,8154,8100
c,28,0.811,8154,8101
o,40,-0.388,8154,8102
c,22,-0.109,8154,8103
h,3,0.132,8154,8104
o,40,-0.412,8154,8105
h,3,0.139,8154,8106
h,3,-0.113,8154,8107
h,3,0.132,8154,8108
h,3,-0.397,8154,8109
c,22,-0.114,8154,8110
h,3,0.137,8154,8111
h,3,0.176,8154,8112
h,3,0.229,8154,8113
h,1,0.823,8154,8114
h,3,0.152,8154,8138
h,3,0.132,8154,8139
c,22,-0.114,8154,8141
c,22,0.005,8154,8143
h,3,0.136,8154,8145
o,40,0.059,8154,8147
h,3,0.019,8154,8148
h,3,0.019,8154,8149
h,3,0.132,8154,8150
c,22,-0.13,8154,8151
c,22,-0.105,8154,8152
h,3,0.146,8154,8153
h,3,0.163,8154,8155
c,22,-0.148,8188,8160
h,3,0.132,8188,8161
c,22,0.158,8188,8162
c,195,-0.084,8188,8163
h,1,0.123,8188,8164
h,3,-0.12,8188,8165
o,40,-0.383,8188,8166
h,8,0.059,8188,8167
h,3,0.149,8188,8168
h,3,0.132,8188,8169
n,34,-0.099,8188,8170
c,22,-0.122,8188,8171
h,3,0.132,8188,8172
c,22,-0.113,8188,8173
n,38,-0.095,8188,8174
h,3,0.149,8188,8175
o,40,-0.395,8188,8176
c,22,-0.117,8188,8177
o,40,-0.381,8188,8178
c,45,0.002,8188,8179
n,38,0.817,8188,8180
h,3,0.139,8188,8181
c,22,-0.119,8188,8182
c,22,-0.118,8188,8183
h,1,0.059,8188,8184
h,3,0.147,8188,8185
o,40,-0.384,8188,8186
c,22,-0.115,8188,8187
n,38,0.142,8255,8220
h,3,0.108,8255,8221
h,3,0.127,8255,8222
c,27,-0.081,8255,8223
h,3,0.132,8255,8224
h,3,0.142,8255,8225
h,3,0.132,8255,8226
n,38,0.812,8255,8227
c,22,-0.126,8255,8228
c,22,0.202,8255,8229
o,40,-0.377,8255,8230
c,22,-0.118,8255,8231
o,40,-0.383,8255,8232
c,22,-0.114,8255,8233
n,38,0.055,8255,8234
h,3,0.059,8255,8235
c,10,-0.091,8255,8236
c,22,-0.118,8255,8237
c,22,-0.125,8255,8238
c,27,0.163,8255,8239
c,21,-0.383,8255,8240
c,28,0.012,8255,8241
h,3,0.132,8255,8242
c,92,-0.191,8255,8243
h,3,0.153,8255,8244
c,22,-0.084,8255,8245
c,22,-0.118,8255,8246
c,22,-0.122,8255,8247
o,40,-0.384,8255,8248
c,22,0.332,8255,8249
h,1,0.133,8255,8250
c,22,-0.125,8255,8251
c,10,-0.107,8286,8316
h,3,0.129,8286,8317
c,22,0.145,8286,8318
n,38,0.818,8286,8319
h,3,0.143,8286,8320
c,27,-0.393,8286,8321
o,40,-0.392,8286,8322
c,27,0.011,8286,8323
c,27,-0.379,8286,8324
c,22,-0.114,8286,8325
h,3,0.142,8286,8326
c,22,-0.12,8286,8327
o,40,-0.393,8286,8328
o,40,-0.086,8286,8329
c,22,-0.114,8286,8330
h,3,0.108,8286,8331
c,10,0.006,8286,8332
c,22,-0.115,8286,8333
c,22,-0.114,8286,8334
c,22,-0.148,8286,8335
c,14,0.145,8286,8336
h,3,0.056,8286,8337
h,3,0.142,8286,8338
h,1,0.145,8286,8339
c,22,-0.133,8286,8340
o,40,-0.383,8286,8341
h,3,0.315,8286,8342
h,1,0.138,8286,8343
h,3,0.061,8345,8344
c,22,0.332,8345,8379
c,27,-0.088,8345,8380
o,40,-0.384,8345,8381
o,40,0.059,8345,8382
c,28,0.008,8345,8383
h,3,0.152,8345,8384
c,22,-0.111,8345,8385
n,41,0.009,8345,8386
o,40,-0.388,8345,8387
c,195,0.021,8345,8388
c,22,0.188,8345,8389
c,22,0.007,8345,8390
c,22,0.134,8345,8391
c,22,-0.122,8345,8392
c,22,-0.097,8345,8393
c,27,-0.084,8345,8394
o,40,0.03,8345,8395
h,3,0.152,8345,8396
c,22,0.112,8345,8397
c,29,0.008,8345,8398
h,3,0.332,8345,8399
h,3,0.056,8345,8400
o,40,-0.376,8345,8401
o,40,-0.393,8345,8402
h,3,0.139,8345,8403
h,3,-0.119,8345,8404
h,3,0.142,8345,8405
o,40,0.055,8345,8406
o,40,-0.107,8345,8407
c,22,-0.097,8449,8409
o,40,-0.079,8449,8411
c,29,-0.389,8449,8412
c,22,-0.114,8449,8413
c,22,-0.109,8449,8414
o,40,-0.129,8449,8415
c,27,0.015,8449,8416
h,1,0.152,8449,8417
h,3,0.047,8449,8418
c,22,-0.148,8449,8419
o,50,0.021,8449,8420
o,40,-0.401,8449,8421
h,3,0.144,8449,8422
c,22,-0.384,8449,8423
o,40,-0.393,8449,8424
c,29,0.055,8449,8425
c,22,0.133,8449,8426
c,22,-0.118,8449,8428
h,3,-0.067,8449,8429
h,3,0.141,8449,8430
c,27,0.006,8501,8472
h,3,0.054,8501,8473
h,1,0.047,8501,8474
c,22,-0.117,8501,8475
h,3,0.145,8501,8476
c,27,-0.079,8501,8477
h,3,0.132,8501,8478
h,3,0.129,8501,8479
o,40,-0.383,8501,8480
o,40,-0.383,8501,8481
c,28,0.012,8501,8482
c,22,0.123,8501,8483
h,3,0.142,8501,8484
h,3,0.062,8501,8485
o,40,0.816,8501,8486
c,27,-0.107,8501,8487
n,38,0.126,8501,8488
c,27,0.008,8501,8489
c,22,-0.142,8501,8490
c,22,-0.113,8501,8491
c,27,0.009,8501,8492
c,27,0.009,8501,8493
h,3,0.062,8501,8494
c,22,0.182,8501,8495
c,22,-0.142,8501,8496
o,40,-0.381,8501,8497
h,3,0.141,8501,8498
h,3,0.132,8501,8499
h,3,0.147,8501,8500
c,22,-0.119,8524,8511
c,22,-0.114,8524,8512
o,40,0.059,8524,8513
n,38,0.815,8524,8514
n,38,0.154,8524,8515
o,40,-0.081,8524,8516
c,22,-0.124,8524,8517
c,27,0.021,8524,8518
c,16,-0.099,8524,8519
c,22,-0.118,8524,8520
o,40,-0.398,8524,8521
f,92,-0.079,8524,8522
h,3,0.019,8524,8523
c,22,-0.393,8524,8547
h,3,0.112,8524,8548
c,22,-0.125,8524,8549
o,40,-0.386,8524,8550
h,3,0.132,8524,8551
c,195,-0.395,8524,8552
n,38,0.812,8524,8553
c,22,-0.124,8524,8554
o,40,-0.093,8564,8585
h,3,0.142,8564,8586
c,22,-0.111,8564,8587
h,3,0.136,8564,8588
h,3,0.141,8564,8589
c,28,0.059,8564,8590
h,3,0.145,8564,8591
h,3,0.055,8564,8592
o,40,-0.383,8564,8593
h,1,-0.128,8564,8594
c,27,-0.137,8564,8595
o,40,0.059,8564,8596
c,22,-0.128,8564,8597
c,22,-0.148,8564,8598
c,27,0.018,8564,8599
h,3,0.136,8564,8600
h,3,0.132,8564,8601
c,22,0.096,8564,8602
c,27,-0.379,8564,8603
c,22,-0.126,8564,8604
o,40,-0.089,8564,8605
c,22,-0.115,8564,8606
h,3,0.137,8564,8607
c,22,-0.114,8564,8608
c,28,-0.084,8564,8609
c,22,-0.127,8564,8610
o,40,-0.383,8564,8611
c,27,-0.404,8564,8612
c,22,-0.114,8564,8613
c,27,0.016,8617,8618
h,3,-0.119,8617,8619
c,26,0.805,8617,8620
h,3,0.132,8617,8621
h,3,0.152,8617,8622
c,22,-0.122,8617,8623
n,38,0.815,8617,8624
h,1,0.152,8617,8625
c,22,-0.116,8617,8626
h,3,0.058,8617,8627
h,3,0.163,8617,8628
c,29,-0.081,8617,8629
h,3,0.019,8617,8630
c,22,-0.105,8617,8631
h,3,0.057,8617,8632
c,22,-0.113,8617,8633
h,3,0.152,8617,8634
h,3,0.054,8617,8635
c,22,-0.148,8617,8636
o,40,-0.383,8617,8637
c,22,-0.118,8617,8638
c,93,-0.144,8617,8639
c,22,-0.126,8617,8640
c,22,-0.122,8617,8641
h,3,0.149,8617,8642
c,22,-0.125,8617,8643
h,3,0.132,8617,8644
h,3,0.134,8617,8645
h,3,0.123,8617,8646
h,3,0.147,8617,8647
n,38,0.012,8718,8679
c,22,-0.135,8718,8680
c,22,-0.114,8718,8681
h,3,0.059,8718,8682
h,3,0.059,8718,8683
h,3,-0.084,8718,8684
c,27,0.017,8718,8685
o,40,-0.412,8718,8686
c,22,0.005,8718,8687
o,40,-0.383,8718,8688
c,22,0.133,8718,8689
c,27,-0.395,8718,8690
h,3,0.058,8718,8691
c,22,-0.111,8718,8692
n,38,0.153,8718,8693
h,1,-0.113,8718,8694
o,14,-0.412,8718,8695
c,195,-0.076,8718,8696
o,40,-0.079,8718,8698
c,32,0.017,8718,8723
c,28,0.008,8718,8724
h,3,-0.112,8718,8725
o,40,-0.383,8718,8726
c,22,-0.142,8740,8727
o,40,0.147,8740,8728
c,22,0.004,8740,8729
h,3,0.149,8740,8730
n,38,0.806,8740,8731
c,22,-0.118,8740,8732
c,22,-0.116,8740,8733
o,40,-0.383,8740,8734
h,3,0.062,8740,8735
c,29,0.021,8740,8736
c,22,-0.121,8740,8737
h,3,0.132,8740,8738
c,10,0.816,8740,8739
h,3,0.132,8740,8763
c,93,0.009,8740,8764
c,22,-0.08,8740,8765
c,22,-0.108,8740,8766
c,22,-0.121,8740,8767
c,22,0.142,8740,8768
n,38,-0.122,8740,8769
c,22,0.008,8740,8770
n,38,0.055,8797,8798
o,40,-0.384,8797,8799
c,22,-0.122,8797,8800
h,3,0.012,8797,8801
c,22,-0.124,8797,8802
o,40,-0.386,8797,8803
h,3,0.145,8797,8804
h,3,0.187,8797,8805
c,22,-0.133,8797,8806
h,3,0.148,8797,8807
h,3,0.142,8797,8808
c,22,-0.142,8797,8809
h,3,0.061,8797,8810
c,22,0.332,8797,8811
h,3,0.132,8797,8812
c,22,-0.114,8797,8813
h,3,0.058,8797,8814
o,40,0.123,8797,8815
c,22,-0.109,8797,8816
c,22,-0.114,8797,8817
c,22,-0.114,8797,8818
h,3,0.145,8797,8819
c,10,0.011,8797,8820
c,22,0.062,8797,8821
c,22,-0.113,8844,8822
c,22,-0.128,8844,8823
c,22,-0.123,8844,8824
n,32,-0.081,8844,8825
c,22,-0.125,8844,8826
h,3,0.142,8844,8827
c,27,-0.781,8844,8828
o,40,-0.382,8844,8829
c,22,0.008,8844,8830
c,22,-0.125,8844,8831
h,3,0.134,8844,8832
o,40,-0.381,8844,8833
c,22,-0.111,8844,8834
c,22,0.118,8844,8835
h,3,0.132,8844,8836
h,3,-0.106,8844,8837
c,22,-0.115,8844,8838
o,28,-0.097,8844,8839
h,3,0.282,8844,8840
c,27,0.011,8844,8841
o,40,-0.383,8844,8842
h,3,0.145,8844,8843
h,3,0.138,8844,8872
n,38,0.136,8844,8873
c,22,0.118,8844,8874
h,3,0.163,8844,8875
h,3,0.154,8876,8877
c,93,0.198,8876,8878
h,3,-0.128,8876,8879
h,3,0.141,8876,8880
n,38,0.818,8876,8881
h,3,0.141,8876,8882
c,22,0.138,8876,8883
c,22,-0.11,8876,8884
c,22,-0.114,8876,8885
c,22,-0.114,8876,8886
c,27,-0.383,8876,8887
o,40,0.002,8876,8888
o,40,-0.107,8876,8889
h,3,0.142,8876,8890
c,27,-0.091,8876,8891
o,40,-0.384,8876,8892
o,40,0.015,8876,8893
h,3,0.141,8876,8894
h,3,-0.119,8876,8895
c,27,-0.083,8876,8896
c,22,-0.118,8876,8897
h,3,0.132,8876,8898
h,3,0.133,8876,8899
c,22,-0.118,8876,8900
o,40,-0.393,8876,8901
o,40,-0.397,8876,8902
h,3,0.147,8876,8903
c,22,-0.097,8876,8904
h,3,0.146,8876,8905
c,195,0.015,8876,8906
h,1,0.138,8961,8945
h,3,-0.125,8961,8946
h,3,0.123,8961,8947
c,27,0.144,8961,8948
h,3,0.132,8961,8949
c,22,-0.111,8961,8950
o,40,-0.391,8961,8951
h,3,0.136,8961,8952
h,3,0.012,8961,8953
o,40,0.055,8961,8954
h,3,0.152,8961,8955
h,3,0.058,8961,8956
h,3,0.132,8961,8957
c,22,-0.122,8961,8958
c,22,-0.124,8961,8959
c,22,-0.118,8961,8960
h,3,0.125,9014,8979
o,40,-0.384,9014,8980
h,3,0.145,9014,8981
c,22,-0.142,9014,8984
c,10,-0.079,9014,8986
h,3,-0.12,9014,8987
h,3,0.147,9014,8989
h,3,0.801,9014,8990
c,22,-0.115,9014,8991
c,22,-0.126,9014,8992
h,3,0.132,9014,8993
c,22,0.142,9014,8994
c,22,-0.121,9014,8995
c,29,0.002,9014,8996
c,16,0.055,9014,8997
o,40,0.412,9014,8998
c,27,-0.088,9014,8999
c,22,-0.13,9014,9000
c,22,-0.118,9014,9001
h,3,0.134,9014,9002
n,38,0.817,9014,9003
n,38,0.104,9029,9030
c,22,0.816,9029,9031
o,40,-0.384,9029,9032
h,3,0.142,9029,9033
c,22,-0.122,9029,9034
o,40,0.059,9029,9035
c,27,-0.388,9029,9036
c,22,-0.127,9029,9037
c,22,-0.126,9029,9038
c,22,-0.122,9029,9039
h,3,0.149,9029,9040
h,3,0.145,9029,9041
h,3,0.141,9029,9042
c,22,-0.125,9029,9043
c,22,-0.116,9044,9045
c,22,-0.119,9044,9046
c,22,-0.118,9044,9047
h,3,0.155,9044,9048
h,3,0.142,9044,9049
o,40,-0.384,9044,9050
c,22,-0.115,9044,9051
o,40,-0.383,9044,9052
h,3,0.129,9044,9053
h,1,0.133,9044,9054
c,22,0.118,9044,9055
c,29,0.002,9044,9056
h,3,0.129,9044,9057
c,22,-0.118,9044,9058
c,22,-0.12,9044,9059
c,22,-0.148,9044,9060
o,40,-0.385,9044,9061
c,22,-0.116,9044,9062
h,3,-0.106,9044,9063
h,3,0.129,9044,9064
h,3,0.129,9086,9106
h,3,0.134,9086,9107
h,3,0.128,9086,9108
c,22,-0.123,9086,9109
c,27,-0.085,9086,9110
n,38,0.006,9086,9111
c,22,-0.105,9086,9112
o,40,-0.386,9086,9113
o,40,-0.382,9086,9114
h,3,0.142,9086,9115
c,22,-0.123,9086,9116
c,22,-0.116,9086,9117
c,10,-0.091,9086,9118
c,22,-0.116,9086,9119
h,3,0.163,9086,9120
c,22,0.138,9086,9121
c,22,-0.074,9086,9122
o,40,-0.383,9086,9123
c,22,-0.111,9086,9124
o,40,-0.388,9157,9141
o,40,-0.382,9157,9142
c,28,-0.135,9157,9143
c,29,-0.079,9157,9144
o,40,-0.384,9157,9145
o,40,-0.107,9157,9146
c,27,-0.369,9157,9147
c,22,-0.125,9157,9148
h,3,0.152,9157,9149
n,38,-0.114,9157,9150
c,22,-0.113,9157,9151
c,22,-0.125,9157,9152
n,38,-0.085,9157,9153
c,195,-0.135,9157,9154
c,22,0.138,9157,9155
c,22,-0.105,9157,9156
h,3,0.135,9207,9176
c,22,-0.114,9207,9177
c,22,-0.122,9207,9178
o,40,-0.384,9207,9179
c,22,0.059,9207,9180
c,22,-0.118,9207,9181
h,3,-0.118,9207,9182
c,22,-0.118,9207,9183
c,27,-0.089,9207,9184
o,40,0.059,9207,9185
o,40,-0.392,9207,9186
c,22,-0.119,9207,9187
o,40,-0.393,9207,9188
h,3,0.142,9207,9189
c,22,-0.118,9207,9190
c,22,-0.119,9207,9191
c,22,-0.112,9207,9192
o,40,-0.391,9207,9193
c,22,-0.119,9207,9194
c,22,0.198,9207,9195
c,29,-0.083,9207,9196
h,3,0.132,9207,9197
c,22,-0.106,9207,9198
c,22,-0.097,9207,9199
h,3,0.153,9207,9200
c,22,-0.122,9207,9201
c,22,-0.133,9207,9202
c,22,-0.114,9207,9203
c,10,-0.089,9207,9204
n,38,0.187,9207,9205
c,22,-0.118,9207,9206
c,22,-0.115,9229,9222
c,21,0.188,9229,9223
h,3,0.152,9229,9224
o,40,-0.384,9229,9225
c,22,-0.142,9229,9226
o,40,-0.386,9229,9227
c,22,0.182,9229,9228
c,22,-0.08,9229,9247
h,3,0.132,9229,9248
o,40,0.015,9229,9249
o,40,-0.381,9229,9250
n,38,0.823,9229,9251
c,22,-0.126,9229,9252
h,3,0.152,9229,9253
o,40,-0.384,9229,9254
o,40,-0.393,9229,9255
c,22,-0.118,9229,9256
c,49,-0.134,9284,9285
h,3,0.132,9284,9286
o,40,-0.413,9284,9287
h,3,-0.106,9284,9288
c,27,-0.083,9284,9289
c,22,-0.121,9284,9290
c,22,-0.128,9284,9291
o,40,-0.383,9284,9292
h,3,0.056,9284,9293
o,40,-0.116,9284,9294
c,22,0.132,9284,9295
c,27,-0.085,9284,9296
c,22,-0.114,9284,9297
c,22,0.055,9284,9298
c,22,0.202,9284,9299
c,22,-0.113,9284,9300
h,3,0.134,9284,9301
c,22,-0.142,9284,9302
h,3,-0.12,9284,9303
h,3,0.145,9284,9304
n,38,0.057,9284,9305
c,22,0.012,9284,9306
c,22,-0.097,9284,9307
c,22,-0.113,9284,9308
c,22,-0.128,9284,9309
c,22,-0.115,9284,9310
h,3,0.145,9329,9330
h,3,0.108,9329,9331
c,29,-0.142,9329,9332
o,40,-0.392,9329,9333
n,38,-0.126,9329,9334
h,3,0.142,9329,9335
c,22,-0.114,9329,9336
o,40,0.015,9329,9337
h,3,0.132,9329,9338
o,40,-0.39,9329,9339
h,3,0.176,9329,9340
h,3,0.149,9329,9341
c,22,-0.126,9329,9342
h,3,0.108,9329,9343
h,3,0.134,9329,9344
h,3,0.801,9329,9345
c,22,-0.118,9329,9346
c,10,-0.135,9329,9347
c,22,-0.118,9367,9348
c,22,-0.148,9367,9349
c,22,-0.127,9367,9350
h,8,0.059,9367,9351
c,22,-0.122,9367,9352
h,3,0.058,9367,9353
h,3,0.139,9367,9354
o,40,-0.386,9367,9355
h,3,-0.132,9367,9356
o,40,-0.396,9367,9357
c,22,-0.126,9367,9358
o,40,-0.379,9367,9359
h,3,0.137,9367,9360
h,3,0.176,9367,9361
n,38,0.823,9367,9362
c,22,0.012,9367,9363
c,22,-0.113,9367,9364
c,21,0.123,9367,9365
c,22,0.012,9367,9366
c,27,-0.115,9423,9388
h,3,0.145,9423,9389
c,22,-0.114,9423,9390
h,3,0.163,9423,9391
c,22,-0.115,9423,9392
c,22,-0.121,9423,9393
h,3,0.139,9423,9394
c,29,-0.084,9423,9395
o,40,-0.384,9423,9396
h,3,0.134,9423,9397
o,40,-0.4,9423,9398
c,14,-0.074,9423,9399
o,40,0.005,9423,9400
c,27,0.012,9423,9401
h,3,0.019,9423,9402
n,28,0.818,9423,9403
c,22,-0.118,9423,9404
c,22,0.138,9452,9453
o,40,-0.412,9452,9454
h,3,0.137,9452,9455
c,22,0.823,9452,9456
o,40,0.024,9452,9457
c,22,0.816,9452,9458
h,3,0.143,9452,9459
n,38,-0.115,9452,9460
h,3,0.801,9452,9461
c,22,-0.114,9452,9462
c,27,0.002,9452,9463
c,22,-0.397,9452,9464
h,3,0.141,9452,9465
c,22,-0.115,9452,9466
c,22,-0.133,9452,9467
h,3,0.047,9452,9468
c,22,-0.109,9452,9469
c,22,-0.118,9452,9470
h,3,0.137,9452,9471
c,22,-0.119,9452,9472
h,3,0.112,9452,9473
c,27,0.012,9452,9474
n,38,0.007,9452,9475
c,29,0.017,9452,9476
o,40,-0.384,9452,9477
c,22,-0.113,9452,9478
c,195,0.818,9500,9479
c,34,-0.191,9500,9480
c,22,-0.109,9500,9481
o,40,-0.382,9500,9482
f,92,0.055,9500,9483
o,40,-0.393,9500,9484
c,22,-0.119,9500,9485
o,40,-0.404,9500,9486
c,22,-0.118,9500,9487
c,22,-0.122,9500,9488
c,22,0.138,9500,9489
o,40,-0.391,9500,9490
c,22,-0.108,9500,9491
o,40,-0.378,9500,9492
h,3,0.123,9500,9493
c,22,0.138,9500,9494
o,40,-0.393,9500,9495
o,40,-0.107,9500,9496
c,22,-0.125,9500,9497
n,38,0.069,9500,9498
c,22,-0.122,9500,9499
h,3,0.145,9568,9523
h,3,0.154,9568,9524
h,3,0.141,9568,9525
c,22,-0.116,9568,9526
h,3,0.061,9568,9527
c,27,-0.343,9568,9528
c,22,-0.114,9568,9529
h,3,0.149,9568,9530
h,1,0.012,9568,9531
c,26,-0.08,9568,9532
h,3,0.142,9568,9533
h,3,0.145,9568,9534
c,22,-0.124,9568,9535
h,3,-0.067,9568,9536
c,22,-0.118,9568,9537
h,3,0.154,9568,9538
c,22,-0.113,9568,9569
h,3,0.161,9568,9570
c,22,-0.111,9568,9571
h,3,-0.12,9568,9572
c,29,0.816,9568,9573
c,22,-0.128,9568,9574
h,3,0.149,9568,9575
c,22,-0.126,9568,9576
h,3,0.141,9568,9577
c,22,-0.067,9568,9578
c,22,-0.092,9568,9579
h,3,0.133,9638,9587
h,3,0.012,9638,9588
h,3,0.138,9638,9589
h,1,0.061,9638,9590
c,22,-0.124,9638,9591
c,27,0.011,9638,9599
c,27,-0.088,9638,9600
c,22,-0.114,9638,9601
c,22,-0.393,9638,9603
h,1,0.145,9638,9604
o,40,-0.39,9638,9605
c,22,-0.114,9638,9606
c,27,0.015,9638,9607
c,29,0.012,9638,9608
h,3,0.139,9638,9609
o,40,-0.398,9638,9610
c,21,0.059,9638,9611
c,22,-0.124,9638,9612
c,22,0.138,9638,9613
c,27,-0.378,9638,9614
h,3,0.127,9638,9615
o,40,-0.384,9638,9616
c,22,-0.39,9638,9617
c,10,-0.393,9638,9618
h,3,0.129,9638,9619
c,10,-0.418,9638,9620
n,38,0.012,9638,9621
h,3,0.142,9638,9622
c,27,-0.091,9679,9643
h,3,0.145,9679,9644
c,29,0.002,9679,9645
c,29,0.017,9679,9646
c,27,-0.142,9679,9647
c,27,-0.378,9679,9648
o,40,-0.39,9679,9649
h,3,0.148,9679,9650
h,3,0.134,9679,9651
c,22,-0.114,9679,9652
n,38,0.162,9679,9653
h,3,-0.125,9679,9654
h,1,0.152,9679,9655
n,38,0.815,9679,9656
c,22,-0.074,9679,9657
h,3,0.141,9679,9658
h,3,0.163,9679,9659
c,22,-0.119,9679,9660
h,3,0.142,9679,9661
c,21,-0.396,9679,9662
c,92,-0.083,9679,9663
c,22,-0.097,9679,9664
o,40,-0.382,9679,9665
c,22,-0.112,9679,9666
h,3,0.132,9679,9667
c,22,-0.118,9679,9668
h,3,0.145,9679,9669
h,3,0.282,9679,9670
c,10,-0.091,9718,9699
h,3,0.145,9718,9700
c,22,-0.118,9718,9701
h,3,0.142,9718,9702
c,22,-0.093,9718,9703
h,3,0.147,9718,9704
o,40,-0.089,9718,9705
h,3,0.129,9718,9706
c,26,0.818,9718,9707
c,22,-0.105,9718,9708
c,22,-0.114,9718,9709
h,1,0.188,9718,9710
c,27,-0.142,9718,9711
c,22,-0.113,9718,9712
c,27,-0.091,9718,9713
n,35,0.002,9718,9714
c,22,-0.118,9718,9715
c,27,0.018,9718,9716
h,3,0.132,9718,9717
c,22,-0.13,9802,9739
h,3,0.142,9802,9740
h,3,0.142,9802,9741
h,3,0.142,9802,9742
c,22,-0.118,9802,9743
c,22,-0.118,9802,9744
h,3,0.062,9802,9745
c,22,0.118,9802,9746
h,8,0.062,9802,9747
o,40,-0.391,9802,9748
h,3,0.007,9802,9749
c,27,0.009,9802,9750
c,22,-0.114,9802,9751
c,27,0.009,9802,9752
n,38,0.112,9802,9753
c,22,-0.11,9802,9754
o,40,-0.386,9802,9755
h,3,0.147,9802,9756
c,27,-0.088,9802,9757
c,22,0.009,9802,9758
c,29,0.002,9802,9759
h,3,0.139,9802,9760
c,22,-0.133,9802,9761
c,22,-0.118,9802,9762
n,32,-0.412,9802,9763
o,40,-0.384,9802,9764
h,3,-0.12,9802,9765
c,22,0.118,9802,9766
c,22,-0.118,9802,9767
c,22,-0.118,9802,9768
c,27,0.005,9844,9804
h,3,0.142,9844,9806
o,40,-0.384,9844,9807
c,22,-0.119,9844,9808
c,22,-0.122,9844,9809
c,22,-0.118,9844,9810
h,3,0.155,9844,9811
n,38,-0.137,9844,9812
h,3,0.187,9844,9813
c,22,-0.122,9844,9814
c,22,0.002,9844,9815
n,38,0.135,9844,9816
o,40,-0.392,9844,9817
c,27,-0.389,9844,9818
h,3,0.152,9844,9819
h,3,0.149,9844,9820
c,16,0.182,9844,9821
o,40,-0.148,9844,9823
h,3,0.315,9844,9824
c,40,0.011,9844,9825
c,10,0.012,9867,9845
o,40,-0.392,9867,9846
h,3,0.129,9867,9847
h,3,0.817,9867,9848
c,26,0.009,9867,9849
c,21,-0.11,9867,9850
c,22,-0.114,9867,9851
o,40,-0.386,9867,9852
h,3,0.139,9867,9853
c,22,-0.118,9867,9854
c,22,-0.126,9867,9855
c,29,0.008,9867,9856
c,22,0.182,9867,9857
h,3,0.134,9867,9858
c,22,-0.133,9867,9859
h,3,0.108,9867,9860
c,22,0.138,9867,9861
c,22,-0.125,9867,9862
h,3,0.132,9867,9863
h,3,0.061,9867,9864
h,3,0.137,9867,9865
o,40,-0.39,9867,9866
h,3,0.149,9867,9895
c,26,-0.104,9867,9896
n,32,-0.412,9867,9897
h,3,0.315,9867,9898
n,38,0.047,9940,9918
n,32,0.015,9940,9919
c,22,-0.115,9940,9920
h,3,-0.106,9940,9921
c,22,-0.118,9940,9922
c,27,-0.091,9940,9923
c,22,-0.118,9940,9924
h,3,0.142,9940,9925
h,3,-0.084,9940,9926
h,3,0.059,9940,9927
c,22,-0.106,9940,9928
c,22,-0.114,9940,9929
h,3,0.139,9940,9930
c,22,-0.08,9940,9931
h,3,0.149,9940,9932
o,40,-0.398,9940,9933
c,27,-0.092,9940,9934
c,22,-0.111,9940,9935
c,27,0.818,9940,9936
c,22,-0.122,9940,9937
c,27,0.012,9940,9938
c,22,-0.114,9940,9939
